[0.056s] DEBUG:colcon:Command line arguments: ['/usr/bin/colcon', 'build']
[0.056s] DEBUG:colcon:Parsed command line arguments: Namespace(log_base=None, log_level=None, verb_name='build', build_base='build', install_base='install', merge_install=False, symlink_install=False, test_result_base=None, continue_on_error=False, executor='parallel', parallel_workers=24, event_handlers=None, ignore_user_meta=False, metas=['./colcon.meta'], base_paths=['.'], packages_ignore=None, packages_ignore_regex=None, paths=None, packages_up_to=None, packages_up_to_regex=None, packages_above=None, packages_above_and_dependencies=None, packages_above_depth=None, packages_select_by_dep=None, packages_skip_by_dep=None, packages_skip_up_to=None, packages_select_build_failed=False, packages_skip_build_finished=False, packages_select_test_failures=False, packages_skip_test_passed=False, packages_select=None, packages_skip=None, packages_select_regex=None, packages_skip_regex=None, packages_start=None, packages_end=None, allow_overriding=[], cmake_args=None, cmake_target=None, cmake_target_skip_unavailable=False, cmake_clean_cache=False, cmake_clean_first=False, cmake_force_configure=False, ament_cmake_args=None, catkin_cmake_args=None, catkin_skip_building_tests=False, verb_parser=<colcon_defaults.argument_parser.defaults.DefaultArgumentsDecorator object at 0x706b956a5760>, verb_extension=<colcon_core.verb.build.BuildVerb object at 0x706b956a5460>, main=<bound method BuildVerb.main of <colcon_core.verb.build.BuildVerb object at 0x706b956a5460>>)
[0.078s] Level 1:colcon.colcon_core.package_discovery:discover_packages(colcon_meta) check parameters
[0.078s] Level 1:colcon.colcon_core.package_discovery:discover_packages(recursive) check parameters
[0.078s] Level 1:colcon.colcon_core.package_discovery:discover_packages(ignore) check parameters
[0.079s] Level 1:colcon.colcon_core.package_discovery:discover_packages(path) check parameters
[0.079s] Level 1:colcon.colcon_core.package_discovery:discover_packages(colcon_meta) discover
[0.079s] Level 1:colcon.colcon_core.package_discovery:discover_packages(recursive) discover
[0.079s] INFO:colcon.colcon_core.package_discovery:Crawling recursively for packages in '/home/hazbiu/ros2_ws'
[0.079s] Level 1:colcon.colcon_core.package_identification:_identify(.) by extensions ['ignore', 'ignore_ament_install']
[0.079s] Level 1:colcon.colcon_core.package_identification:_identify(.) by extension 'ignore'
[0.079s] Level 1:colcon.colcon_core.package_identification:_identify(.) by extension 'ignore_ament_install'
[0.079s] Level 1:colcon.colcon_core.package_identification:_identify(.) by extensions ['colcon_pkg']
[0.079s] Level 1:colcon.colcon_core.package_identification:_identify(.) by extension 'colcon_pkg'
[0.079s] Level 1:colcon.colcon_core.package_identification:_identify(.) by extensions ['colcon_meta']
[0.079s] Level 1:colcon.colcon_core.package_identification:_identify(.) by extension 'colcon_meta'
[0.079s] Level 1:colcon.colcon_core.package_identification:_identify(.) by extensions ['ros']
[0.079s] Level 1:colcon.colcon_core.package_identification:_identify(.) by extension 'ros'
[0.093s] Level 1:colcon.colcon_core.package_identification:_identify(.) by extensions ['cmake', 'python']
[0.093s] Level 1:colcon.colcon_core.package_identification:_identify(.) by extension 'cmake'
[0.093s] Level 1:colcon.colcon_core.package_identification:_identify(.) by extension 'python'
[0.093s] Level 1:colcon.colcon_core.package_identification:_identify(.) by extensions ['python_setup_py']
[0.093s] Level 1:colcon.colcon_core.package_identification:_identify(.) by extension 'python_setup_py'
[0.093s] Level 1:colcon.colcon_core.package_identification:_identify(build) by extensions ['ignore', 'ignore_ament_install']
[0.093s] Level 1:colcon.colcon_core.package_identification:_identify(build) by extension 'ignore'
[0.093s] Level 1:colcon.colcon_core.package_identification:_identify(build) ignored
[0.093s] Level 1:colcon.colcon_core.package_identification:_identify(config) by extensions ['ignore', 'ignore_ament_install']
[0.093s] Level 1:colcon.colcon_core.package_identification:_identify(config) by extension 'ignore'
[0.093s] Level 1:colcon.colcon_core.package_identification:_identify(config) by extension 'ignore_ament_install'
[0.093s] Level 1:colcon.colcon_core.package_identification:_identify(config) by extensions ['colcon_pkg']
[0.093s] Level 1:colcon.colcon_core.package_identification:_identify(config) by extension 'colcon_pkg'
[0.093s] Level 1:colcon.colcon_core.package_identification:_identify(config) by extensions ['colcon_meta']
[0.093s] Level 1:colcon.colcon_core.package_identification:_identify(config) by extension 'colcon_meta'
[0.093s] Level 1:colcon.colcon_core.package_identification:_identify(config) by extensions ['ros']
[0.093s] Level 1:colcon.colcon_core.package_identification:_identify(config) by extension 'ros'
[0.093s] Level 1:colcon.colcon_core.package_identification:_identify(config) by extensions ['cmake', 'python']
[0.093s] Level 1:colcon.colcon_core.package_identification:_identify(config) by extension 'cmake'
[0.093s] Level 1:colcon.colcon_core.package_identification:_identify(config) by extension 'python'
[0.093s] Level 1:colcon.colcon_core.package_identification:_identify(config) by extensions ['python_setup_py']
[0.093s] Level 1:colcon.colcon_core.package_identification:_identify(config) by extension 'python_setup_py'
[0.093s] Level 1:colcon.colcon_core.package_identification:_identify(install) by extensions ['ignore', 'ignore_ament_install']
[0.093s] Level 1:colcon.colcon_core.package_identification:_identify(install) by extension 'ignore'
[0.093s] Level 1:colcon.colcon_core.package_identification:_identify(install) ignored
[0.093s] Level 1:colcon.colcon_core.package_identification:_identify(log) by extensions ['ignore', 'ignore_ament_install']
[0.093s] Level 1:colcon.colcon_core.package_identification:_identify(log) by extension 'ignore'
[0.093s] Level 1:colcon.colcon_core.package_identification:_identify(log) ignored
[0.093s] Level 1:colcon.colcon_core.package_identification:_identify(src) by extensions ['ignore', 'ignore_ament_install']
[0.093s] Level 1:colcon.colcon_core.package_identification:_identify(src) by extension 'ignore'
[0.093s] Level 1:colcon.colcon_core.package_identification:_identify(src) by extension 'ignore_ament_install'
[0.093s] Level 1:colcon.colcon_core.package_identification:_identify(src) by extensions ['colcon_pkg']
[0.093s] Level 1:colcon.colcon_core.package_identification:_identify(src) by extension 'colcon_pkg'
[0.093s] Level 1:colcon.colcon_core.package_identification:_identify(src) by extensions ['colcon_meta']
[0.093s] Level 1:colcon.colcon_core.package_identification:_identify(src) by extension 'colcon_meta'
[0.093s] Level 1:colcon.colcon_core.package_identification:_identify(src) by extensions ['ros']
[0.093s] Level 1:colcon.colcon_core.package_identification:_identify(src) by extension 'ros'
[0.093s] Level 1:colcon.colcon_core.package_identification:_identify(src) by extensions ['cmake', 'python']
[0.093s] Level 1:colcon.colcon_core.package_identification:_identify(src) by extension 'cmake'
[0.093s] Level 1:colcon.colcon_core.package_identification:_identify(src) by extension 'python'
[0.094s] Level 1:colcon.colcon_core.package_identification:_identify(src) by extensions ['python_setup_py']
[0.094s] Level 1:colcon.colcon_core.package_identification:_identify(src) by extension 'python_setup_py'
[0.094s] Level 1:colcon.colcon_core.package_identification:_identify(src/IsaacSim-ros_workspaces) by extensions ['ignore', 'ignore_ament_install']
[0.094s] Level 1:colcon.colcon_core.package_identification:_identify(src/IsaacSim-ros_workspaces) by extension 'ignore'
[0.094s] Level 1:colcon.colcon_core.package_identification:_identify(src/IsaacSim-ros_workspaces) by extension 'ignore_ament_install'
[0.094s] Level 1:colcon.colcon_core.package_identification:_identify(src/IsaacSim-ros_workspaces) by extensions ['colcon_pkg']
[0.094s] Level 1:colcon.colcon_core.package_identification:_identify(src/IsaacSim-ros_workspaces) by extension 'colcon_pkg'
[0.094s] Level 1:colcon.colcon_core.package_identification:_identify(src/IsaacSim-ros_workspaces) by extensions ['colcon_meta']
[0.094s] Level 1:colcon.colcon_core.package_identification:_identify(src/IsaacSim-ros_workspaces) by extension 'colcon_meta'
[0.094s] Level 1:colcon.colcon_core.package_identification:_identify(src/IsaacSim-ros_workspaces) by extensions ['ros']
[0.094s] Level 1:colcon.colcon_core.package_identification:_identify(src/IsaacSim-ros_workspaces) by extension 'ros'
[0.094s] Level 1:colcon.colcon_core.package_identification:_identify(src/IsaacSim-ros_workspaces) by extensions ['cmake', 'python']
[0.094s] Level 1:colcon.colcon_core.package_identification:_identify(src/IsaacSim-ros_workspaces) by extension 'cmake'
[0.094s] Level 1:colcon.colcon_core.package_identification:_identify(src/IsaacSim-ros_workspaces) by extension 'python'
[0.094s] Level 1:colcon.colcon_core.package_identification:_identify(src/IsaacSim-ros_workspaces) by extensions ['python_setup_py']
[0.094s] Level 1:colcon.colcon_core.package_identification:_identify(src/IsaacSim-ros_workspaces) by extension 'python_setup_py'
[0.094s] Level 1:colcon.colcon_core.package_identification:_identify(src/IsaacSim-ros_workspaces/dockerfiles) by extensions ['ignore', 'ignore_ament_install']
[0.094s] Level 1:colcon.colcon_core.package_identification:_identify(src/IsaacSim-ros_workspaces/dockerfiles) by extension 'ignore'
[0.094s] Level 1:colcon.colcon_core.package_identification:_identify(src/IsaacSim-ros_workspaces/dockerfiles) by extension 'ignore_ament_install'
[0.094s] Level 1:colcon.colcon_core.package_identification:_identify(src/IsaacSim-ros_workspaces/dockerfiles) by extensions ['colcon_pkg']
[0.094s] Level 1:colcon.colcon_core.package_identification:_identify(src/IsaacSim-ros_workspaces/dockerfiles) by extension 'colcon_pkg'
[0.094s] Level 1:colcon.colcon_core.package_identification:_identify(src/IsaacSim-ros_workspaces/dockerfiles) by extensions ['colcon_meta']
[0.094s] Level 1:colcon.colcon_core.package_identification:_identify(src/IsaacSim-ros_workspaces/dockerfiles) by extension 'colcon_meta'
[0.094s] Level 1:colcon.colcon_core.package_identification:_identify(src/IsaacSim-ros_workspaces/dockerfiles) by extensions ['ros']
[0.094s] Level 1:colcon.colcon_core.package_identification:_identify(src/IsaacSim-ros_workspaces/dockerfiles) by extension 'ros'
[0.094s] Level 1:colcon.colcon_core.package_identification:_identify(src/IsaacSim-ros_workspaces/dockerfiles) by extensions ['cmake', 'python']
[0.094s] Level 1:colcon.colcon_core.package_identification:_identify(src/IsaacSim-ros_workspaces/dockerfiles) by extension 'cmake'
[0.094s] Level 1:colcon.colcon_core.package_identification:_identify(src/IsaacSim-ros_workspaces/dockerfiles) by extension 'python'
[0.094s] Level 1:colcon.colcon_core.package_identification:_identify(src/IsaacSim-ros_workspaces/dockerfiles) by extensions ['python_setup_py']
[0.094s] Level 1:colcon.colcon_core.package_identification:_identify(src/IsaacSim-ros_workspaces/dockerfiles) by extension 'python_setup_py'
[0.094s] Level 1:colcon.colcon_core.package_identification:_identify(src/IsaacSim-ros_workspaces/jazzy_ws) by extensions ['ignore', 'ignore_ament_install']
[0.094s] Level 1:colcon.colcon_core.package_identification:_identify(src/IsaacSim-ros_workspaces/jazzy_ws) by extension 'ignore'
[0.094s] Level 1:colcon.colcon_core.package_identification:_identify(src/IsaacSim-ros_workspaces/jazzy_ws) by extension 'ignore_ament_install'
[0.094s] Level 1:colcon.colcon_core.package_identification:_identify(src/IsaacSim-ros_workspaces/jazzy_ws) by extensions ['colcon_pkg']
[0.094s] Level 1:colcon.colcon_core.package_identification:_identify(src/IsaacSim-ros_workspaces/jazzy_ws) by extension 'colcon_pkg'
[0.094s] Level 1:colcon.colcon_core.package_identification:_identify(src/IsaacSim-ros_workspaces/jazzy_ws) by extensions ['colcon_meta']
[0.094s] Level 1:colcon.colcon_core.package_identification:_identify(src/IsaacSim-ros_workspaces/jazzy_ws) by extension 'colcon_meta'
[0.094s] Level 1:colcon.colcon_core.package_identification:_identify(src/IsaacSim-ros_workspaces/jazzy_ws) by extensions ['ros']
[0.094s] Level 1:colcon.colcon_core.package_identification:_identify(src/IsaacSim-ros_workspaces/jazzy_ws) by extension 'ros'
[0.094s] Level 1:colcon.colcon_core.package_identification:_identify(src/IsaacSim-ros_workspaces/jazzy_ws) by extensions ['cmake', 'python']
[0.094s] Level 1:colcon.colcon_core.package_identification:_identify(src/IsaacSim-ros_workspaces/jazzy_ws) by extension 'cmake'
[0.094s] Level 1:colcon.colcon_core.package_identification:_identify(src/IsaacSim-ros_workspaces/jazzy_ws) by extension 'python'
[0.094s] Level 1:colcon.colcon_core.package_identification:_identify(src/IsaacSim-ros_workspaces/jazzy_ws) by extensions ['python_setup_py']
[0.094s] Level 1:colcon.colcon_core.package_identification:_identify(src/IsaacSim-ros_workspaces/jazzy_ws) by extension 'python_setup_py'
[0.094s] Level 1:colcon.colcon_core.package_identification:_identify(src/IsaacSim-ros_workspaces/jazzy_ws/build) by extensions ['ignore', 'ignore_ament_install']
[0.094s] Level 1:colcon.colcon_core.package_identification:_identify(src/IsaacSim-ros_workspaces/jazzy_ws/build) by extension 'ignore'
[0.094s] Level 1:colcon.colcon_core.package_identification:_identify(src/IsaacSim-ros_workspaces/jazzy_ws/build) ignored
[0.094s] Level 1:colcon.colcon_core.package_identification:_identify(src/IsaacSim-ros_workspaces/jazzy_ws/install) by extensions ['ignore', 'ignore_ament_install']
[0.094s] Level 1:colcon.colcon_core.package_identification:_identify(src/IsaacSim-ros_workspaces/jazzy_ws/install) by extension 'ignore'
[0.094s] Level 1:colcon.colcon_core.package_identification:_identify(src/IsaacSim-ros_workspaces/jazzy_ws/install) ignored
[0.094s] Level 1:colcon.colcon_core.package_identification:_identify(src/IsaacSim-ros_workspaces/jazzy_ws/log) by extensions ['ignore', 'ignore_ament_install']
[0.095s] Level 1:colcon.colcon_core.package_identification:_identify(src/IsaacSim-ros_workspaces/jazzy_ws/log) by extension 'ignore'
[0.095s] Level 1:colcon.colcon_core.package_identification:_identify(src/IsaacSim-ros_workspaces/jazzy_ws/log) ignored
[0.095s] Level 1:colcon.colcon_core.package_identification:_identify(src/IsaacSim-ros_workspaces/jazzy_ws/src) by extensions ['ignore', 'ignore_ament_install']
[0.095s] Level 1:colcon.colcon_core.package_identification:_identify(src/IsaacSim-ros_workspaces/jazzy_ws/src) by extension 'ignore'
[0.095s] Level 1:colcon.colcon_core.package_identification:_identify(src/IsaacSim-ros_workspaces/jazzy_ws/src) by extension 'ignore_ament_install'
[0.095s] Level 1:colcon.colcon_core.package_identification:_identify(src/IsaacSim-ros_workspaces/jazzy_ws/src) by extensions ['colcon_pkg']
[0.095s] Level 1:colcon.colcon_core.package_identification:_identify(src/IsaacSim-ros_workspaces/jazzy_ws/src) by extension 'colcon_pkg'
[0.095s] Level 1:colcon.colcon_core.package_identification:_identify(src/IsaacSim-ros_workspaces/jazzy_ws/src) by extensions ['colcon_meta']
[0.095s] Level 1:colcon.colcon_core.package_identification:_identify(src/IsaacSim-ros_workspaces/jazzy_ws/src) by extension 'colcon_meta'
[0.095s] Level 1:colcon.colcon_core.package_identification:_identify(src/IsaacSim-ros_workspaces/jazzy_ws/src) by extensions ['ros']
[0.095s] Level 1:colcon.colcon_core.package_identification:_identify(src/IsaacSim-ros_workspaces/jazzy_ws/src) by extension 'ros'
[0.095s] Level 1:colcon.colcon_core.package_identification:_identify(src/IsaacSim-ros_workspaces/jazzy_ws/src) by extensions ['cmake', 'python']
[0.095s] Level 1:colcon.colcon_core.package_identification:_identify(src/IsaacSim-ros_workspaces/jazzy_ws/src) by extension 'cmake'
[0.095s] Level 1:colcon.colcon_core.package_identification:_identify(src/IsaacSim-ros_workspaces/jazzy_ws/src) by extension 'python'
[0.095s] Level 1:colcon.colcon_core.package_identification:_identify(src/IsaacSim-ros_workspaces/jazzy_ws/src) by extensions ['python_setup_py']
[0.095s] Level 1:colcon.colcon_core.package_identification:_identify(src/IsaacSim-ros_workspaces/jazzy_ws/src) by extension 'python_setup_py'
[0.095s] Level 1:colcon.colcon_core.package_identification:_identify(src/IsaacSim-ros_workspaces/jazzy_ws/src/ackermann_control) by extensions ['ignore', 'ignore_ament_install']
[0.095s] Level 1:colcon.colcon_core.package_identification:_identify(src/IsaacSim-ros_workspaces/jazzy_ws/src/ackermann_control) by extension 'ignore'
[0.095s] Level 1:colcon.colcon_core.package_identification:_identify(src/IsaacSim-ros_workspaces/jazzy_ws/src/ackermann_control) by extension 'ignore_ament_install'
[0.095s] Level 1:colcon.colcon_core.package_identification:_identify(src/IsaacSim-ros_workspaces/jazzy_ws/src/ackermann_control) by extensions ['colcon_pkg']
[0.095s] Level 1:colcon.colcon_core.package_identification:_identify(src/IsaacSim-ros_workspaces/jazzy_ws/src/ackermann_control) by extension 'colcon_pkg'
[0.095s] Level 1:colcon.colcon_core.package_identification:_identify(src/IsaacSim-ros_workspaces/jazzy_ws/src/ackermann_control) by extensions ['colcon_meta']
[0.095s] Level 1:colcon.colcon_core.package_identification:_identify(src/IsaacSim-ros_workspaces/jazzy_ws/src/ackermann_control) by extension 'colcon_meta'
[0.095s] Level 1:colcon.colcon_core.package_identification:_identify(src/IsaacSim-ros_workspaces/jazzy_ws/src/ackermann_control) by extensions ['ros']
[0.095s] Level 1:colcon.colcon_core.package_identification:_identify(src/IsaacSim-ros_workspaces/jazzy_ws/src/ackermann_control) by extension 'ros'
[0.095s] Level 1:colcon.colcon_core.package_identification:_identify(src/IsaacSim-ros_workspaces/jazzy_ws/src/ackermann_control) by extensions ['cmake', 'python']
[0.095s] Level 1:colcon.colcon_core.package_identification:_identify(src/IsaacSim-ros_workspaces/jazzy_ws/src/ackermann_control) by extension 'cmake'
[0.095s] Level 1:colcon.colcon_core.package_identification:_identify(src/IsaacSim-ros_workspaces/jazzy_ws/src/ackermann_control) by extension 'python'
[0.095s] Level 1:colcon.colcon_core.package_identification:_identify(src/IsaacSim-ros_workspaces/jazzy_ws/src/ackermann_control) by extensions ['python_setup_py']
[0.095s] Level 1:colcon.colcon_core.package_identification:_identify(src/IsaacSim-ros_workspaces/jazzy_ws/src/ackermann_control) by extension 'python_setup_py'
[0.095s] Level 1:colcon.colcon_core.package_identification:_identify(src/IsaacSim-ros_workspaces/jazzy_ws/src/ackermann_control/cmdvel_to_ackermann) by extensions ['ignore', 'ignore_ament_install']
[0.095s] Level 1:colcon.colcon_core.package_identification:_identify(src/IsaacSim-ros_workspaces/jazzy_ws/src/ackermann_control/cmdvel_to_ackermann) by extension 'ignore'
[0.095s] Level 1:colcon.colcon_core.package_identification:_identify(src/IsaacSim-ros_workspaces/jazzy_ws/src/ackermann_control/cmdvel_to_ackermann) by extension 'ignore_ament_install'
[0.095s] Level 1:colcon.colcon_core.package_identification:_identify(src/IsaacSim-ros_workspaces/jazzy_ws/src/ackermann_control/cmdvel_to_ackermann) by extensions ['colcon_pkg']
[0.095s] Level 1:colcon.colcon_core.package_identification:_identify(src/IsaacSim-ros_workspaces/jazzy_ws/src/ackermann_control/cmdvel_to_ackermann) by extension 'colcon_pkg'
[0.095s] Level 1:colcon.colcon_core.package_identification:_identify(src/IsaacSim-ros_workspaces/jazzy_ws/src/ackermann_control/cmdvel_to_ackermann) by extensions ['colcon_meta']
[0.095s] Level 1:colcon.colcon_core.package_identification:_identify(src/IsaacSim-ros_workspaces/jazzy_ws/src/ackermann_control/cmdvel_to_ackermann) by extension 'colcon_meta'
[0.095s] Level 1:colcon.colcon_core.package_identification:_identify(src/IsaacSim-ros_workspaces/jazzy_ws/src/ackermann_control/cmdvel_to_ackermann) by extensions ['ros']
[0.095s] Level 1:colcon.colcon_core.package_identification:_identify(src/IsaacSim-ros_workspaces/jazzy_ws/src/ackermann_control/cmdvel_to_ackermann) by extension 'ros'
[0.097s] DEBUG:colcon.colcon_core.package_identification:Package 'src/IsaacSim-ros_workspaces/jazzy_ws/src/ackermann_control/cmdvel_to_ackermann' with type 'ros.ament_cmake' and name 'cmdvel_to_ackermann'
[0.097s] Level 1:colcon.colcon_core.package_identification:_identify(src/IsaacSim-ros_workspaces/jazzy_ws/src/custom_message) by extensions ['ignore', 'ignore_ament_install']
[0.097s] Level 1:colcon.colcon_core.package_identification:_identify(src/IsaacSim-ros_workspaces/jazzy_ws/src/custom_message) by extension 'ignore'
[0.097s] Level 1:colcon.colcon_core.package_identification:_identify(src/IsaacSim-ros_workspaces/jazzy_ws/src/custom_message) by extension 'ignore_ament_install'
[0.097s] Level 1:colcon.colcon_core.package_identification:_identify(src/IsaacSim-ros_workspaces/jazzy_ws/src/custom_message) by extensions ['colcon_pkg']
[0.097s] Level 1:colcon.colcon_core.package_identification:_identify(src/IsaacSim-ros_workspaces/jazzy_ws/src/custom_message) by extension 'colcon_pkg'
[0.097s] Level 1:colcon.colcon_core.package_identification:_identify(src/IsaacSim-ros_workspaces/jazzy_ws/src/custom_message) by extensions ['colcon_meta']
[0.097s] Level 1:colcon.colcon_core.package_identification:_identify(src/IsaacSim-ros_workspaces/jazzy_ws/src/custom_message) by extension 'colcon_meta'
[0.097s] Level 1:colcon.colcon_core.package_identification:_identify(src/IsaacSim-ros_workspaces/jazzy_ws/src/custom_message) by extensions ['ros']
[0.097s] Level 1:colcon.colcon_core.package_identification:_identify(src/IsaacSim-ros_workspaces/jazzy_ws/src/custom_message) by extension 'ros'
[0.097s] DEBUG:colcon.colcon_core.package_identification:Package 'src/IsaacSim-ros_workspaces/jazzy_ws/src/custom_message' with type 'ros.ament_cmake' and name 'custom_message'
[0.097s] Level 1:colcon.colcon_core.package_identification:_identify(src/IsaacSim-ros_workspaces/jazzy_ws/src/humanoid_locomotion_policy_example) by extensions ['ignore', 'ignore_ament_install']
[0.097s] Level 1:colcon.colcon_core.package_identification:_identify(src/IsaacSim-ros_workspaces/jazzy_ws/src/humanoid_locomotion_policy_example) by extension 'ignore'
[0.097s] Level 1:colcon.colcon_core.package_identification:_identify(src/IsaacSim-ros_workspaces/jazzy_ws/src/humanoid_locomotion_policy_example) by extension 'ignore_ament_install'
[0.097s] Level 1:colcon.colcon_core.package_identification:_identify(src/IsaacSim-ros_workspaces/jazzy_ws/src/humanoid_locomotion_policy_example) by extensions ['colcon_pkg']
[0.097s] Level 1:colcon.colcon_core.package_identification:_identify(src/IsaacSim-ros_workspaces/jazzy_ws/src/humanoid_locomotion_policy_example) by extension 'colcon_pkg'
[0.097s] Level 1:colcon.colcon_core.package_identification:_identify(src/IsaacSim-ros_workspaces/jazzy_ws/src/humanoid_locomotion_policy_example) by extensions ['colcon_meta']
[0.097s] Level 1:colcon.colcon_core.package_identification:_identify(src/IsaacSim-ros_workspaces/jazzy_ws/src/humanoid_locomotion_policy_example) by extension 'colcon_meta'
[0.097s] Level 1:colcon.colcon_core.package_identification:_identify(src/IsaacSim-ros_workspaces/jazzy_ws/src/humanoid_locomotion_policy_example) by extensions ['ros']
[0.097s] Level 1:colcon.colcon_core.package_identification:_identify(src/IsaacSim-ros_workspaces/jazzy_ws/src/humanoid_locomotion_policy_example) by extension 'ros'
[0.097s] Level 1:colcon.colcon_core.package_identification:_identify(src/IsaacSim-ros_workspaces/jazzy_ws/src/humanoid_locomotion_policy_example) by extensions ['cmake', 'python']
[0.097s] Level 1:colcon.colcon_core.package_identification:_identify(src/IsaacSim-ros_workspaces/jazzy_ws/src/humanoid_locomotion_policy_example) by extension 'cmake'
[0.097s] Level 1:colcon.colcon_core.package_identification:_identify(src/IsaacSim-ros_workspaces/jazzy_ws/src/humanoid_locomotion_policy_example) by extension 'python'
[0.097s] Level 1:colcon.colcon_core.package_identification:_identify(src/IsaacSim-ros_workspaces/jazzy_ws/src/humanoid_locomotion_policy_example) by extensions ['python_setup_py']
[0.097s] Level 1:colcon.colcon_core.package_identification:_identify(src/IsaacSim-ros_workspaces/jazzy_ws/src/humanoid_locomotion_policy_example) by extension 'python_setup_py'
[0.097s] Level 1:colcon.colcon_core.package_identification:_identify(src/IsaacSim-ros_workspaces/jazzy_ws/src/humanoid_locomotion_policy_example/h1_fullbody_controller) by extensions ['ignore', 'ignore_ament_install']
[0.098s] Level 1:colcon.colcon_core.package_identification:_identify(src/IsaacSim-ros_workspaces/jazzy_ws/src/humanoid_locomotion_policy_example/h1_fullbody_controller) by extension 'ignore'
[0.098s] Level 1:colcon.colcon_core.package_identification:_identify(src/IsaacSim-ros_workspaces/jazzy_ws/src/humanoid_locomotion_policy_example/h1_fullbody_controller) by extension 'ignore_ament_install'
[0.098s] Level 1:colcon.colcon_core.package_identification:_identify(src/IsaacSim-ros_workspaces/jazzy_ws/src/humanoid_locomotion_policy_example/h1_fullbody_controller) by extensions ['colcon_pkg']
[0.098s] Level 1:colcon.colcon_core.package_identification:_identify(src/IsaacSim-ros_workspaces/jazzy_ws/src/humanoid_locomotion_policy_example/h1_fullbody_controller) by extension 'colcon_pkg'
[0.098s] Level 1:colcon.colcon_core.package_identification:_identify(src/IsaacSim-ros_workspaces/jazzy_ws/src/humanoid_locomotion_policy_example/h1_fullbody_controller) by extensions ['colcon_meta']
[0.098s] Level 1:colcon.colcon_core.package_identification:_identify(src/IsaacSim-ros_workspaces/jazzy_ws/src/humanoid_locomotion_policy_example/h1_fullbody_controller) by extension 'colcon_meta'
[0.098s] Level 1:colcon.colcon_core.package_identification:_identify(src/IsaacSim-ros_workspaces/jazzy_ws/src/humanoid_locomotion_policy_example/h1_fullbody_controller) by extensions ['ros']
[0.098s] Level 1:colcon.colcon_core.package_identification:_identify(src/IsaacSim-ros_workspaces/jazzy_ws/src/humanoid_locomotion_policy_example/h1_fullbody_controller) by extension 'ros'
[0.098s] DEBUG:colcon.colcon_core.package_identification:Package 'src/IsaacSim-ros_workspaces/jazzy_ws/src/humanoid_locomotion_policy_example/h1_fullbody_controller' with type 'ros.ament_cmake' and name 'h1_fullbody_controller'
[0.098s] Level 1:colcon.colcon_core.package_identification:_identify(src/IsaacSim-ros_workspaces/jazzy_ws/src/isaac_ros2_messages) by extensions ['ignore', 'ignore_ament_install']
[0.098s] Level 1:colcon.colcon_core.package_identification:_identify(src/IsaacSim-ros_workspaces/jazzy_ws/src/isaac_ros2_messages) by extension 'ignore'
[0.098s] Level 1:colcon.colcon_core.package_identification:_identify(src/IsaacSim-ros_workspaces/jazzy_ws/src/isaac_ros2_messages) by extension 'ignore_ament_install'
[0.098s] Level 1:colcon.colcon_core.package_identification:_identify(src/IsaacSim-ros_workspaces/jazzy_ws/src/isaac_ros2_messages) by extensions ['colcon_pkg']
[0.098s] Level 1:colcon.colcon_core.package_identification:_identify(src/IsaacSim-ros_workspaces/jazzy_ws/src/isaac_ros2_messages) by extension 'colcon_pkg'
[0.098s] Level 1:colcon.colcon_core.package_identification:_identify(src/IsaacSim-ros_workspaces/jazzy_ws/src/isaac_ros2_messages) by extensions ['colcon_meta']
[0.098s] Level 1:colcon.colcon_core.package_identification:_identify(src/IsaacSim-ros_workspaces/jazzy_ws/src/isaac_ros2_messages) by extension 'colcon_meta'
[0.098s] Level 1:colcon.colcon_core.package_identification:_identify(src/IsaacSim-ros_workspaces/jazzy_ws/src/isaac_ros2_messages) by extensions ['ros']
[0.098s] Level 1:colcon.colcon_core.package_identification:_identify(src/IsaacSim-ros_workspaces/jazzy_ws/src/isaac_ros2_messages) by extension 'ros'
[0.098s] DEBUG:colcon.colcon_core.package_identification:Package 'src/IsaacSim-ros_workspaces/jazzy_ws/src/isaac_ros2_messages' with type 'ros.ament_cmake' and name 'isaac_ros2_messages'
[0.098s] Level 1:colcon.colcon_core.package_identification:_identify(src/IsaacSim-ros_workspaces/jazzy_ws/src/isaac_tutorials) by extensions ['ignore', 'ignore_ament_install']
[0.099s] Level 1:colcon.colcon_core.package_identification:_identify(src/IsaacSim-ros_workspaces/jazzy_ws/src/isaac_tutorials) by extension 'ignore'
[0.099s] Level 1:colcon.colcon_core.package_identification:_identify(src/IsaacSim-ros_workspaces/jazzy_ws/src/isaac_tutorials) by extension 'ignore_ament_install'
[0.099s] Level 1:colcon.colcon_core.package_identification:_identify(src/IsaacSim-ros_workspaces/jazzy_ws/src/isaac_tutorials) by extensions ['colcon_pkg']
[0.099s] Level 1:colcon.colcon_core.package_identification:_identify(src/IsaacSim-ros_workspaces/jazzy_ws/src/isaac_tutorials) by extension 'colcon_pkg'
[0.099s] Level 1:colcon.colcon_core.package_identification:_identify(src/IsaacSim-ros_workspaces/jazzy_ws/src/isaac_tutorials) by extensions ['colcon_meta']
[0.099s] Level 1:colcon.colcon_core.package_identification:_identify(src/IsaacSim-ros_workspaces/jazzy_ws/src/isaac_tutorials) by extension 'colcon_meta'
[0.099s] Level 1:colcon.colcon_core.package_identification:_identify(src/IsaacSim-ros_workspaces/jazzy_ws/src/isaac_tutorials) by extensions ['ros']
[0.099s] Level 1:colcon.colcon_core.package_identification:_identify(src/IsaacSim-ros_workspaces/jazzy_ws/src/isaac_tutorials) by extension 'ros'
[0.099s] DEBUG:colcon.colcon_core.package_identification:Package 'src/IsaacSim-ros_workspaces/jazzy_ws/src/isaac_tutorials' with type 'ros.ament_cmake' and name 'isaac_tutorials'
[0.099s] Level 1:colcon.colcon_core.package_identification:_identify(src/IsaacSim-ros_workspaces/jazzy_ws/src/isaacsim) by extensions ['ignore', 'ignore_ament_install']
[0.099s] Level 1:colcon.colcon_core.package_identification:_identify(src/IsaacSim-ros_workspaces/jazzy_ws/src/isaacsim) by extension 'ignore'
[0.099s] Level 1:colcon.colcon_core.package_identification:_identify(src/IsaacSim-ros_workspaces/jazzy_ws/src/isaacsim) by extension 'ignore_ament_install'
[0.099s] Level 1:colcon.colcon_core.package_identification:_identify(src/IsaacSim-ros_workspaces/jazzy_ws/src/isaacsim) by extensions ['colcon_pkg']
[0.099s] Level 1:colcon.colcon_core.package_identification:_identify(src/IsaacSim-ros_workspaces/jazzy_ws/src/isaacsim) by extension 'colcon_pkg'
[0.099s] Level 1:colcon.colcon_core.package_identification:_identify(src/IsaacSim-ros_workspaces/jazzy_ws/src/isaacsim) by extensions ['colcon_meta']
[0.099s] Level 1:colcon.colcon_core.package_identification:_identify(src/IsaacSim-ros_workspaces/jazzy_ws/src/isaacsim) by extension 'colcon_meta'
[0.099s] Level 1:colcon.colcon_core.package_identification:_identify(src/IsaacSim-ros_workspaces/jazzy_ws/src/isaacsim) by extensions ['ros']
[0.099s] Level 1:colcon.colcon_core.package_identification:_identify(src/IsaacSim-ros_workspaces/jazzy_ws/src/isaacsim) by extension 'ros'
[0.099s] DEBUG:colcon.colcon_core.package_identification:Package 'src/IsaacSim-ros_workspaces/jazzy_ws/src/isaacsim' with type 'ros.ament_cmake' and name 'isaacsim'
[0.099s] Level 1:colcon.colcon_core.package_identification:_identify(src/IsaacSim-ros_workspaces/jazzy_ws/src/kaya_navigation) by extensions ['ignore', 'ignore_ament_install']
[0.099s] Level 1:colcon.colcon_core.package_identification:_identify(src/IsaacSim-ros_workspaces/jazzy_ws/src/kaya_navigation) by extension 'ignore'
[0.099s] Level 1:colcon.colcon_core.package_identification:_identify(src/IsaacSim-ros_workspaces/jazzy_ws/src/kaya_navigation) by extension 'ignore_ament_install'
[0.099s] Level 1:colcon.colcon_core.package_identification:_identify(src/IsaacSim-ros_workspaces/jazzy_ws/src/kaya_navigation) by extensions ['colcon_pkg']
[0.099s] Level 1:colcon.colcon_core.package_identification:_identify(src/IsaacSim-ros_workspaces/jazzy_ws/src/kaya_navigation) by extension 'colcon_pkg'
[0.099s] Level 1:colcon.colcon_core.package_identification:_identify(src/IsaacSim-ros_workspaces/jazzy_ws/src/kaya_navigation) by extensions ['colcon_meta']
[0.099s] Level 1:colcon.colcon_core.package_identification:_identify(src/IsaacSim-ros_workspaces/jazzy_ws/src/kaya_navigation) by extension 'colcon_meta'
[0.100s] Level 1:colcon.colcon_core.package_identification:_identify(src/IsaacSim-ros_workspaces/jazzy_ws/src/kaya_navigation) by extensions ['ros']
[0.100s] Level 1:colcon.colcon_core.package_identification:_identify(src/IsaacSim-ros_workspaces/jazzy_ws/src/kaya_navigation) by extension 'ros'
[0.100s] DEBUG:colcon.colcon_core.package_identification:Package 'src/IsaacSim-ros_workspaces/jazzy_ws/src/kaya_navigation' with type 'ros.ament_cmake' and name 'kaya_navigation'
[0.100s] Level 1:colcon.colcon_core.package_identification:_identify(src/IsaacSim-ros_workspaces/jazzy_ws/src/moveit) by extensions ['ignore', 'ignore_ament_install']
[0.100s] Level 1:colcon.colcon_core.package_identification:_identify(src/IsaacSim-ros_workspaces/jazzy_ws/src/moveit) by extension 'ignore'
[0.100s] Level 1:colcon.colcon_core.package_identification:_identify(src/IsaacSim-ros_workspaces/jazzy_ws/src/moveit) by extension 'ignore_ament_install'
[0.100s] Level 1:colcon.colcon_core.package_identification:_identify(src/IsaacSim-ros_workspaces/jazzy_ws/src/moveit) by extensions ['colcon_pkg']
[0.100s] Level 1:colcon.colcon_core.package_identification:_identify(src/IsaacSim-ros_workspaces/jazzy_ws/src/moveit) by extension 'colcon_pkg'
[0.100s] Level 1:colcon.colcon_core.package_identification:_identify(src/IsaacSim-ros_workspaces/jazzy_ws/src/moveit) by extensions ['colcon_meta']
[0.100s] Level 1:colcon.colcon_core.package_identification:_identify(src/IsaacSim-ros_workspaces/jazzy_ws/src/moveit) by extension 'colcon_meta'
[0.100s] Level 1:colcon.colcon_core.package_identification:_identify(src/IsaacSim-ros_workspaces/jazzy_ws/src/moveit) by extensions ['ros']
[0.100s] Level 1:colcon.colcon_core.package_identification:_identify(src/IsaacSim-ros_workspaces/jazzy_ws/src/moveit) by extension 'ros'
[0.100s] Level 1:colcon.colcon_core.package_identification:_identify(src/IsaacSim-ros_workspaces/jazzy_ws/src/moveit) by extensions ['cmake', 'python']
[0.100s] Level 1:colcon.colcon_core.package_identification:_identify(src/IsaacSim-ros_workspaces/jazzy_ws/src/moveit) by extension 'cmake'
[0.100s] Level 1:colcon.colcon_core.package_identification:_identify(src/IsaacSim-ros_workspaces/jazzy_ws/src/moveit) by extension 'python'
[0.100s] Level 1:colcon.colcon_core.package_identification:_identify(src/IsaacSim-ros_workspaces/jazzy_ws/src/moveit) by extensions ['python_setup_py']
[0.100s] Level 1:colcon.colcon_core.package_identification:_identify(src/IsaacSim-ros_workspaces/jazzy_ws/src/moveit) by extension 'python_setup_py'
[0.100s] Level 1:colcon.colcon_core.package_identification:_identify(src/IsaacSim-ros_workspaces/jazzy_ws/src/moveit/isaac_moveit) by extensions ['ignore', 'ignore_ament_install']
[0.100s] Level 1:colcon.colcon_core.package_identification:_identify(src/IsaacSim-ros_workspaces/jazzy_ws/src/moveit/isaac_moveit) by extension 'ignore'
[0.100s] Level 1:colcon.colcon_core.package_identification:_identify(src/IsaacSim-ros_workspaces/jazzy_ws/src/moveit/isaac_moveit) by extension 'ignore_ament_install'
[0.100s] Level 1:colcon.colcon_core.package_identification:_identify(src/IsaacSim-ros_workspaces/jazzy_ws/src/moveit/isaac_moveit) by extensions ['colcon_pkg']
[0.100s] Level 1:colcon.colcon_core.package_identification:_identify(src/IsaacSim-ros_workspaces/jazzy_ws/src/moveit/isaac_moveit) by extension 'colcon_pkg'
[0.100s] Level 1:colcon.colcon_core.package_identification:_identify(src/IsaacSim-ros_workspaces/jazzy_ws/src/moveit/isaac_moveit) by extensions ['colcon_meta']
[0.100s] Level 1:colcon.colcon_core.package_identification:_identify(src/IsaacSim-ros_workspaces/jazzy_ws/src/moveit/isaac_moveit) by extension 'colcon_meta'
[0.100s] Level 1:colcon.colcon_core.package_identification:_identify(src/IsaacSim-ros_workspaces/jazzy_ws/src/moveit/isaac_moveit) by extensions ['ros']
[0.100s] Level 1:colcon.colcon_core.package_identification:_identify(src/IsaacSim-ros_workspaces/jazzy_ws/src/moveit/isaac_moveit) by extension 'ros'
[0.101s] DEBUG:colcon.colcon_core.package_identification:Package 'src/IsaacSim-ros_workspaces/jazzy_ws/src/moveit/isaac_moveit' with type 'ros.ament_cmake' and name 'isaac_moveit'
[0.101s] Level 1:colcon.colcon_core.package_identification:_identify(src/IsaacSim-ros_workspaces/jazzy_ws/src/moveit/moveit_resources) by extensions ['ignore', 'ignore_ament_install']
[0.101s] Level 1:colcon.colcon_core.package_identification:_identify(src/IsaacSim-ros_workspaces/jazzy_ws/src/moveit/moveit_resources) by extension 'ignore'
[0.101s] Level 1:colcon.colcon_core.package_identification:_identify(src/IsaacSim-ros_workspaces/jazzy_ws/src/moveit/moveit_resources) by extension 'ignore_ament_install'
[0.101s] Level 1:colcon.colcon_core.package_identification:_identify(src/IsaacSim-ros_workspaces/jazzy_ws/src/moveit/moveit_resources) by extensions ['colcon_pkg']
[0.101s] Level 1:colcon.colcon_core.package_identification:_identify(src/IsaacSim-ros_workspaces/jazzy_ws/src/moveit/moveit_resources) by extension 'colcon_pkg'
[0.101s] Level 1:colcon.colcon_core.package_identification:_identify(src/IsaacSim-ros_workspaces/jazzy_ws/src/moveit/moveit_resources) by extensions ['colcon_meta']
[0.101s] Level 1:colcon.colcon_core.package_identification:_identify(src/IsaacSim-ros_workspaces/jazzy_ws/src/moveit/moveit_resources) by extension 'colcon_meta'
[0.101s] Level 1:colcon.colcon_core.package_identification:_identify(src/IsaacSim-ros_workspaces/jazzy_ws/src/moveit/moveit_resources) by extensions ['ros']
[0.101s] Level 1:colcon.colcon_core.package_identification:_identify(src/IsaacSim-ros_workspaces/jazzy_ws/src/moveit/moveit_resources) by extension 'ros'
[0.101s] Level 1:colcon.colcon_core.package_identification:_identify(src/IsaacSim-ros_workspaces/jazzy_ws/src/moveit/moveit_resources) by extensions ['cmake', 'python']
[0.101s] Level 1:colcon.colcon_core.package_identification:_identify(src/IsaacSim-ros_workspaces/jazzy_ws/src/moveit/moveit_resources) by extension 'cmake'
[0.101s] Level 1:colcon.colcon_core.package_identification:_identify(src/IsaacSim-ros_workspaces/jazzy_ws/src/moveit/moveit_resources) by extension 'python'
[0.101s] Level 1:colcon.colcon_core.package_identification:_identify(src/IsaacSim-ros_workspaces/jazzy_ws/src/moveit/moveit_resources) by extensions ['python_setup_py']
[0.101s] Level 1:colcon.colcon_core.package_identification:_identify(src/IsaacSim-ros_workspaces/jazzy_ws/src/moveit/moveit_resources) by extension 'python_setup_py'
[0.101s] Level 1:colcon.colcon_core.package_identification:_identify(src/IsaacSim-ros_workspaces/jazzy_ws/src/moveit/topic_based_ros2_control) by extensions ['ignore', 'ignore_ament_install']
[0.101s] Level 1:colcon.colcon_core.package_identification:_identify(src/IsaacSim-ros_workspaces/jazzy_ws/src/moveit/topic_based_ros2_control) by extension 'ignore'
[0.101s] Level 1:colcon.colcon_core.package_identification:_identify(src/IsaacSim-ros_workspaces/jazzy_ws/src/moveit/topic_based_ros2_control) by extension 'ignore_ament_install'
[0.101s] Level 1:colcon.colcon_core.package_identification:_identify(src/IsaacSim-ros_workspaces/jazzy_ws/src/moveit/topic_based_ros2_control) by extensions ['colcon_pkg']
[0.101s] Level 1:colcon.colcon_core.package_identification:_identify(src/IsaacSim-ros_workspaces/jazzy_ws/src/moveit/topic_based_ros2_control) by extension 'colcon_pkg'
[0.101s] Level 1:colcon.colcon_core.package_identification:_identify(src/IsaacSim-ros_workspaces/jazzy_ws/src/moveit/topic_based_ros2_control) by extensions ['colcon_meta']
[0.101s] Level 1:colcon.colcon_core.package_identification:_identify(src/IsaacSim-ros_workspaces/jazzy_ws/src/moveit/topic_based_ros2_control) by extension 'colcon_meta'
[0.101s] Level 1:colcon.colcon_core.package_identification:_identify(src/IsaacSim-ros_workspaces/jazzy_ws/src/moveit/topic_based_ros2_control) by extensions ['ros']
[0.101s] Level 1:colcon.colcon_core.package_identification:_identify(src/IsaacSim-ros_workspaces/jazzy_ws/src/moveit/topic_based_ros2_control) by extension 'ros'
[0.101s] Level 1:colcon.colcon_core.package_identification:_identify(src/IsaacSim-ros_workspaces/jazzy_ws/src/moveit/topic_based_ros2_control) by extensions ['cmake', 'python']
[0.101s] Level 1:colcon.colcon_core.package_identification:_identify(src/IsaacSim-ros_workspaces/jazzy_ws/src/moveit/topic_based_ros2_control) by extension 'cmake'
[0.101s] Level 1:colcon.colcon_core.package_identification:_identify(src/IsaacSim-ros_workspaces/jazzy_ws/src/moveit/topic_based_ros2_control) by extension 'python'
[0.101s] Level 1:colcon.colcon_core.package_identification:_identify(src/IsaacSim-ros_workspaces/jazzy_ws/src/moveit/topic_based_ros2_control) by extensions ['python_setup_py']
[0.101s] Level 1:colcon.colcon_core.package_identification:_identify(src/IsaacSim-ros_workspaces/jazzy_ws/src/moveit/topic_based_ros2_control) by extension 'python_setup_py'
[0.101s] Level 1:colcon.colcon_core.package_identification:_identify(src/IsaacSim-ros_workspaces/jazzy_ws/src/navigation) by extensions ['ignore', 'ignore_ament_install']
[0.101s] Level 1:colcon.colcon_core.package_identification:_identify(src/IsaacSim-ros_workspaces/jazzy_ws/src/navigation) by extension 'ignore'
[0.101s] Level 1:colcon.colcon_core.package_identification:_identify(src/IsaacSim-ros_workspaces/jazzy_ws/src/navigation) by extension 'ignore_ament_install'
[0.101s] Level 1:colcon.colcon_core.package_identification:_identify(src/IsaacSim-ros_workspaces/jazzy_ws/src/navigation) by extensions ['colcon_pkg']
[0.101s] Level 1:colcon.colcon_core.package_identification:_identify(src/IsaacSim-ros_workspaces/jazzy_ws/src/navigation) by extension 'colcon_pkg'
[0.101s] Level 1:colcon.colcon_core.package_identification:_identify(src/IsaacSim-ros_workspaces/jazzy_ws/src/navigation) by extensions ['colcon_meta']
[0.101s] Level 1:colcon.colcon_core.package_identification:_identify(src/IsaacSim-ros_workspaces/jazzy_ws/src/navigation) by extension 'colcon_meta'
[0.101s] Level 1:colcon.colcon_core.package_identification:_identify(src/IsaacSim-ros_workspaces/jazzy_ws/src/navigation) by extensions ['ros']
[0.101s] Level 1:colcon.colcon_core.package_identification:_identify(src/IsaacSim-ros_workspaces/jazzy_ws/src/navigation) by extension 'ros'
[0.101s] Level 1:colcon.colcon_core.package_identification:_identify(src/IsaacSim-ros_workspaces/jazzy_ws/src/navigation) by extensions ['cmake', 'python']
[0.101s] Level 1:colcon.colcon_core.package_identification:_identify(src/IsaacSim-ros_workspaces/jazzy_ws/src/navigation) by extension 'cmake'
[0.101s] Level 1:colcon.colcon_core.package_identification:_identify(src/IsaacSim-ros_workspaces/jazzy_ws/src/navigation) by extension 'python'
[0.101s] Level 1:colcon.colcon_core.package_identification:_identify(src/IsaacSim-ros_workspaces/jazzy_ws/src/navigation) by extensions ['python_setup_py']
[0.101s] Level 1:colcon.colcon_core.package_identification:_identify(src/IsaacSim-ros_workspaces/jazzy_ws/src/navigation) by extension 'python_setup_py'
[0.101s] Level 1:colcon.colcon_core.package_identification:_identify(src/IsaacSim-ros_workspaces/jazzy_ws/src/navigation/carter_navigation) by extensions ['ignore', 'ignore_ament_install']
[0.102s] Level 1:colcon.colcon_core.package_identification:_identify(src/IsaacSim-ros_workspaces/jazzy_ws/src/navigation/carter_navigation) by extension 'ignore'
[0.102s] Level 1:colcon.colcon_core.package_identification:_identify(src/IsaacSim-ros_workspaces/jazzy_ws/src/navigation/carter_navigation) by extension 'ignore_ament_install'
[0.102s] Level 1:colcon.colcon_core.package_identification:_identify(src/IsaacSim-ros_workspaces/jazzy_ws/src/navigation/carter_navigation) by extensions ['colcon_pkg']
[0.102s] Level 1:colcon.colcon_core.package_identification:_identify(src/IsaacSim-ros_workspaces/jazzy_ws/src/navigation/carter_navigation) by extension 'colcon_pkg'
[0.102s] Level 1:colcon.colcon_core.package_identification:_identify(src/IsaacSim-ros_workspaces/jazzy_ws/src/navigation/carter_navigation) by extensions ['colcon_meta']
[0.102s] Level 1:colcon.colcon_core.package_identification:_identify(src/IsaacSim-ros_workspaces/jazzy_ws/src/navigation/carter_navigation) by extension 'colcon_meta'
[0.102s] Level 1:colcon.colcon_core.package_identification:_identify(src/IsaacSim-ros_workspaces/jazzy_ws/src/navigation/carter_navigation) by extensions ['ros']
[0.102s] Level 1:colcon.colcon_core.package_identification:_identify(src/IsaacSim-ros_workspaces/jazzy_ws/src/navigation/carter_navigation) by extension 'ros'
[0.102s] DEBUG:colcon.colcon_core.package_identification:Package 'src/IsaacSim-ros_workspaces/jazzy_ws/src/navigation/carter_navigation' with type 'ros.ament_cmake' and name 'carter_navigation'
[0.102s] Level 1:colcon.colcon_core.package_identification:_identify(src/IsaacSim-ros_workspaces/jazzy_ws/src/navigation/carter_v1_navigation) by extensions ['ignore', 'ignore_ament_install']
[0.102s] Level 1:colcon.colcon_core.package_identification:_identify(src/IsaacSim-ros_workspaces/jazzy_ws/src/navigation/carter_v1_navigation) by extension 'ignore'
[0.102s] Level 1:colcon.colcon_core.package_identification:_identify(src/IsaacSim-ros_workspaces/jazzy_ws/src/navigation/carter_v1_navigation) by extension 'ignore_ament_install'
[0.102s] Level 1:colcon.colcon_core.package_identification:_identify(src/IsaacSim-ros_workspaces/jazzy_ws/src/navigation/carter_v1_navigation) by extensions ['colcon_pkg']
[0.102s] Level 1:colcon.colcon_core.package_identification:_identify(src/IsaacSim-ros_workspaces/jazzy_ws/src/navigation/carter_v1_navigation) by extension 'colcon_pkg'
[0.102s] Level 1:colcon.colcon_core.package_identification:_identify(src/IsaacSim-ros_workspaces/jazzy_ws/src/navigation/carter_v1_navigation) by extensions ['colcon_meta']
[0.102s] Level 1:colcon.colcon_core.package_identification:_identify(src/IsaacSim-ros_workspaces/jazzy_ws/src/navigation/carter_v1_navigation) by extension 'colcon_meta'
[0.102s] Level 1:colcon.colcon_core.package_identification:_identify(src/IsaacSim-ros_workspaces/jazzy_ws/src/navigation/carter_v1_navigation) by extensions ['ros']
[0.102s] Level 1:colcon.colcon_core.package_identification:_identify(src/IsaacSim-ros_workspaces/jazzy_ws/src/navigation/carter_v1_navigation) by extension 'ros'
[0.103s] DEBUG:colcon.colcon_core.package_identification:Package 'src/IsaacSim-ros_workspaces/jazzy_ws/src/navigation/carter_v1_navigation' with type 'ros.ament_cmake' and name 'carter_v1_navigation'
[0.103s] Level 1:colcon.colcon_core.package_identification:_identify(src/IsaacSim-ros_workspaces/jazzy_ws/src/navigation/isaac_ros_navigation_goal) by extensions ['ignore', 'ignore_ament_install']
[0.103s] Level 1:colcon.colcon_core.package_identification:_identify(src/IsaacSim-ros_workspaces/jazzy_ws/src/navigation/isaac_ros_navigation_goal) by extension 'ignore'
[0.103s] Level 1:colcon.colcon_core.package_identification:_identify(src/IsaacSim-ros_workspaces/jazzy_ws/src/navigation/isaac_ros_navigation_goal) by extension 'ignore_ament_install'
[0.103s] Level 1:colcon.colcon_core.package_identification:_identify(src/IsaacSim-ros_workspaces/jazzy_ws/src/navigation/isaac_ros_navigation_goal) by extensions ['colcon_pkg']
[0.103s] Level 1:colcon.colcon_core.package_identification:_identify(src/IsaacSim-ros_workspaces/jazzy_ws/src/navigation/isaac_ros_navigation_goal) by extension 'colcon_pkg'
[0.103s] Level 1:colcon.colcon_core.package_identification:_identify(src/IsaacSim-ros_workspaces/jazzy_ws/src/navigation/isaac_ros_navigation_goal) by extensions ['colcon_meta']
[0.103s] Level 1:colcon.colcon_core.package_identification:_identify(src/IsaacSim-ros_workspaces/jazzy_ws/src/navigation/isaac_ros_navigation_goal) by extension 'colcon_meta'
[0.103s] Level 1:colcon.colcon_core.package_identification:_identify(src/IsaacSim-ros_workspaces/jazzy_ws/src/navigation/isaac_ros_navigation_goal) by extensions ['ros']
[0.103s] Level 1:colcon.colcon_core.package_identification:_identify(src/IsaacSim-ros_workspaces/jazzy_ws/src/navigation/isaac_ros_navigation_goal) by extension 'ros'
[0.103s] DEBUG:colcon.colcon_core.package_identification:Package 'src/IsaacSim-ros_workspaces/jazzy_ws/src/navigation/isaac_ros_navigation_goal' with type 'ros.ament_python' and name 'isaac_ros_navigation_goal'
[0.103s] Level 1:colcon.colcon_core.package_identification:_identify(src/IsaacSim-ros_workspaces/jazzy_ws/src/navigation/iw_hub_navigation) by extensions ['ignore', 'ignore_ament_install']
[0.103s] Level 1:colcon.colcon_core.package_identification:_identify(src/IsaacSim-ros_workspaces/jazzy_ws/src/navigation/iw_hub_navigation) by extension 'ignore'
[0.103s] Level 1:colcon.colcon_core.package_identification:_identify(src/IsaacSim-ros_workspaces/jazzy_ws/src/navigation/iw_hub_navigation) by extension 'ignore_ament_install'
[0.103s] Level 1:colcon.colcon_core.package_identification:_identify(src/IsaacSim-ros_workspaces/jazzy_ws/src/navigation/iw_hub_navigation) by extensions ['colcon_pkg']
[0.103s] Level 1:colcon.colcon_core.package_identification:_identify(src/IsaacSim-ros_workspaces/jazzy_ws/src/navigation/iw_hub_navigation) by extension 'colcon_pkg'
[0.103s] Level 1:colcon.colcon_core.package_identification:_identify(src/IsaacSim-ros_workspaces/jazzy_ws/src/navigation/iw_hub_navigation) by extensions ['colcon_meta']
[0.103s] Level 1:colcon.colcon_core.package_identification:_identify(src/IsaacSim-ros_workspaces/jazzy_ws/src/navigation/iw_hub_navigation) by extension 'colcon_meta'
[0.103s] Level 1:colcon.colcon_core.package_identification:_identify(src/IsaacSim-ros_workspaces/jazzy_ws/src/navigation/iw_hub_navigation) by extensions ['ros']
[0.103s] Level 1:colcon.colcon_core.package_identification:_identify(src/IsaacSim-ros_workspaces/jazzy_ws/src/navigation/iw_hub_navigation) by extension 'ros'
[0.104s] DEBUG:colcon.colcon_core.package_identification:Package 'src/IsaacSim-ros_workspaces/jazzy_ws/src/navigation/iw_hub_navigation' with type 'ros.ament_cmake' and name 'iw_hub_navigation'
[0.104s] Level 1:colcon.colcon_core.package_identification:_identify(src/IsaacSim-ros_workspaces/jazzy_ws/tree) by extensions ['ignore', 'ignore_ament_install']
[0.104s] Level 1:colcon.colcon_core.package_identification:_identify(src/IsaacSim-ros_workspaces/jazzy_ws/tree) by extension 'ignore'
[0.104s] Level 1:colcon.colcon_core.package_identification:_identify(src/IsaacSim-ros_workspaces/jazzy_ws/tree) by extension 'ignore_ament_install'
[0.104s] Level 1:colcon.colcon_core.package_identification:_identify(src/IsaacSim-ros_workspaces/jazzy_ws/tree) by extensions ['colcon_pkg']
[0.104s] Level 1:colcon.colcon_core.package_identification:_identify(src/IsaacSim-ros_workspaces/jazzy_ws/tree) by extension 'colcon_pkg'
[0.104s] Level 1:colcon.colcon_core.package_identification:_identify(src/IsaacSim-ros_workspaces/jazzy_ws/tree) by extensions ['colcon_meta']
[0.104s] Level 1:colcon.colcon_core.package_identification:_identify(src/IsaacSim-ros_workspaces/jazzy_ws/tree) by extension 'colcon_meta'
[0.104s] Level 1:colcon.colcon_core.package_identification:_identify(src/IsaacSim-ros_workspaces/jazzy_ws/tree) by extensions ['ros']
[0.104s] Level 1:colcon.colcon_core.package_identification:_identify(src/IsaacSim-ros_workspaces/jazzy_ws/tree) by extension 'ros'
[0.104s] Level 1:colcon.colcon_core.package_identification:_identify(src/IsaacSim-ros_workspaces/jazzy_ws/tree) by extensions ['cmake', 'python']
[0.104s] Level 1:colcon.colcon_core.package_identification:_identify(src/IsaacSim-ros_workspaces/jazzy_ws/tree) by extension 'cmake'
[0.104s] Level 1:colcon.colcon_core.package_identification:_identify(src/IsaacSim-ros_workspaces/jazzy_ws/tree) by extension 'python'
[0.104s] Level 1:colcon.colcon_core.package_identification:_identify(src/IsaacSim-ros_workspaces/jazzy_ws/tree) by extensions ['python_setup_py']
[0.104s] Level 1:colcon.colcon_core.package_identification:_identify(src/IsaacSim-ros_workspaces/jazzy_ws/tree) by extension 'python_setup_py'
[0.104s] Level 1:colcon.colcon_core.package_discovery:discover_packages(recursive) using defaults
[0.104s] Level 1:colcon.colcon_core.package_discovery:discover_packages(ignore) discover
[0.104s] Level 1:colcon.colcon_core.package_discovery:discover_packages(ignore) using defaults
[0.104s] Level 1:colcon.colcon_core.package_discovery:discover_packages(path) discover
[0.104s] Level 1:colcon.colcon_core.package_discovery:discover_packages(path) using defaults
[0.116s] Level 1:colcon.colcon_core.package_discovery:discover_packages(prefix_path) check parameters
[0.116s] Level 1:colcon.colcon_core.package_discovery:discover_packages(prefix_path) discover
[0.119s] DEBUG:colcon.colcon_installed_package_information.package_discovery:Found 542 installed packages in /opt/ros/jazzy
[0.120s] Level 1:colcon.colcon_core.package_discovery:discover_packages(prefix_path) using defaults
[0.165s] Level 5:colcon.colcon_core.verb:set package 'carter_navigation' build argument 'cmake_args' from command line to 'None'
[0.166s] Level 5:colcon.colcon_core.verb:set package 'carter_navigation' build argument 'cmake_target' from command line to 'None'
[0.166s] Level 5:colcon.colcon_core.verb:set package 'carter_navigation' build argument 'cmake_target_skip_unavailable' from command line to 'False'
[0.166s] Level 5:colcon.colcon_core.verb:set package 'carter_navigation' build argument 'cmake_clean_cache' from command line to 'False'
[0.166s] Level 5:colcon.colcon_core.verb:set package 'carter_navigation' build argument 'cmake_clean_first' from command line to 'False'
[0.166s] Level 5:colcon.colcon_core.verb:set package 'carter_navigation' build argument 'cmake_force_configure' from command line to 'False'
[0.166s] Level 5:colcon.colcon_core.verb:set package 'carter_navigation' build argument 'ament_cmake_args' from command line to 'None'
[0.166s] Level 5:colcon.colcon_core.verb:set package 'carter_navigation' build argument 'catkin_cmake_args' from command line to 'None'
[0.166s] Level 5:colcon.colcon_core.verb:set package 'carter_navigation' build argument 'catkin_skip_building_tests' from command line to 'False'
[0.166s] DEBUG:colcon.colcon_core.verb:Building package 'carter_navigation' with the following arguments: {'ament_cmake_args': None, 'build_base': '/home/hazbiu/ros2_ws/build/carter_navigation', 'catkin_cmake_args': None, 'catkin_skip_building_tests': False, 'cmake_args': None, 'cmake_clean_cache': False, 'cmake_clean_first': False, 'cmake_force_configure': False, 'cmake_target': None, 'cmake_target_skip_unavailable': False, 'install_base': '/home/hazbiu/ros2_ws/install/carter_navigation', 'merge_install': False, 'path': '/home/hazbiu/ros2_ws/src/IsaacSim-ros_workspaces/jazzy_ws/src/navigation/carter_navigation', 'symlink_install': False, 'test_result_base': None}
[0.166s] Level 5:colcon.colcon_core.verb:set package 'carter_v1_navigation' build argument 'cmake_args' from command line to 'None'
[0.166s] Level 5:colcon.colcon_core.verb:set package 'carter_v1_navigation' build argument 'cmake_target' from command line to 'None'
[0.166s] Level 5:colcon.colcon_core.verb:set package 'carter_v1_navigation' build argument 'cmake_target_skip_unavailable' from command line to 'False'
[0.166s] Level 5:colcon.colcon_core.verb:set package 'carter_v1_navigation' build argument 'cmake_clean_cache' from command line to 'False'
[0.166s] Level 5:colcon.colcon_core.verb:set package 'carter_v1_navigation' build argument 'cmake_clean_first' from command line to 'False'
[0.166s] Level 5:colcon.colcon_core.verb:set package 'carter_v1_navigation' build argument 'cmake_force_configure' from command line to 'False'
[0.166s] Level 5:colcon.colcon_core.verb:set package 'carter_v1_navigation' build argument 'ament_cmake_args' from command line to 'None'
[0.166s] Level 5:colcon.colcon_core.verb:set package 'carter_v1_navigation' build argument 'catkin_cmake_args' from command line to 'None'
[0.166s] Level 5:colcon.colcon_core.verb:set package 'carter_v1_navigation' build argument 'catkin_skip_building_tests' from command line to 'False'
[0.166s] DEBUG:colcon.colcon_core.verb:Building package 'carter_v1_navigation' with the following arguments: {'ament_cmake_args': None, 'build_base': '/home/hazbiu/ros2_ws/build/carter_v1_navigation', 'catkin_cmake_args': None, 'catkin_skip_building_tests': False, 'cmake_args': None, 'cmake_clean_cache': False, 'cmake_clean_first': False, 'cmake_force_configure': False, 'cmake_target': None, 'cmake_target_skip_unavailable': False, 'install_base': '/home/hazbiu/ros2_ws/install/carter_v1_navigation', 'merge_install': False, 'path': '/home/hazbiu/ros2_ws/src/IsaacSim-ros_workspaces/jazzy_ws/src/navigation/carter_v1_navigation', 'symlink_install': False, 'test_result_base': None}
[0.166s] Level 5:colcon.colcon_core.verb:set package 'cmdvel_to_ackermann' build argument 'cmake_args' from command line to 'None'
[0.166s] Level 5:colcon.colcon_core.verb:set package 'cmdvel_to_ackermann' build argument 'cmake_target' from command line to 'None'
[0.166s] Level 5:colcon.colcon_core.verb:set package 'cmdvel_to_ackermann' build argument 'cmake_target_skip_unavailable' from command line to 'False'
[0.166s] Level 5:colcon.colcon_core.verb:set package 'cmdvel_to_ackermann' build argument 'cmake_clean_cache' from command line to 'False'
[0.166s] Level 5:colcon.colcon_core.verb:set package 'cmdvel_to_ackermann' build argument 'cmake_clean_first' from command line to 'False'
[0.166s] Level 5:colcon.colcon_core.verb:set package 'cmdvel_to_ackermann' build argument 'cmake_force_configure' from command line to 'False'
[0.166s] Level 5:colcon.colcon_core.verb:set package 'cmdvel_to_ackermann' build argument 'ament_cmake_args' from command line to 'None'
[0.166s] Level 5:colcon.colcon_core.verb:set package 'cmdvel_to_ackermann' build argument 'catkin_cmake_args' from command line to 'None'
[0.166s] Level 5:colcon.colcon_core.verb:set package 'cmdvel_to_ackermann' build argument 'catkin_skip_building_tests' from command line to 'False'
[0.166s] DEBUG:colcon.colcon_core.verb:Building package 'cmdvel_to_ackermann' with the following arguments: {'ament_cmake_args': None, 'build_base': '/home/hazbiu/ros2_ws/build/cmdvel_to_ackermann', 'catkin_cmake_args': None, 'catkin_skip_building_tests': False, 'cmake_args': None, 'cmake_clean_cache': False, 'cmake_clean_first': False, 'cmake_force_configure': False, 'cmake_target': None, 'cmake_target_skip_unavailable': False, 'install_base': '/home/hazbiu/ros2_ws/install/cmdvel_to_ackermann', 'merge_install': False, 'path': '/home/hazbiu/ros2_ws/src/IsaacSim-ros_workspaces/jazzy_ws/src/ackermann_control/cmdvel_to_ackermann', 'symlink_install': False, 'test_result_base': None}
[0.166s] Level 5:colcon.colcon_core.verb:set package 'custom_message' build argument 'cmake_args' from command line to 'None'
[0.166s] Level 5:colcon.colcon_core.verb:set package 'custom_message' build argument 'cmake_target' from command line to 'None'
[0.166s] Level 5:colcon.colcon_core.verb:set package 'custom_message' build argument 'cmake_target_skip_unavailable' from command line to 'False'
[0.166s] Level 5:colcon.colcon_core.verb:set package 'custom_message' build argument 'cmake_clean_cache' from command line to 'False'
[0.166s] Level 5:colcon.colcon_core.verb:set package 'custom_message' build argument 'cmake_clean_first' from command line to 'False'
[0.166s] Level 5:colcon.colcon_core.verb:set package 'custom_message' build argument 'cmake_force_configure' from command line to 'False'
[0.166s] Level 5:colcon.colcon_core.verb:set package 'custom_message' build argument 'ament_cmake_args' from command line to 'None'
[0.166s] Level 5:colcon.colcon_core.verb:set package 'custom_message' build argument 'catkin_cmake_args' from command line to 'None'
[0.166s] Level 5:colcon.colcon_core.verb:set package 'custom_message' build argument 'catkin_skip_building_tests' from command line to 'False'
[0.166s] DEBUG:colcon.colcon_core.verb:Building package 'custom_message' with the following arguments: {'ament_cmake_args': None, 'build_base': '/home/hazbiu/ros2_ws/build/custom_message', 'catkin_cmake_args': None, 'catkin_skip_building_tests': False, 'cmake_args': None, 'cmake_clean_cache': False, 'cmake_clean_first': False, 'cmake_force_configure': False, 'cmake_target': None, 'cmake_target_skip_unavailable': False, 'install_base': '/home/hazbiu/ros2_ws/install/custom_message', 'merge_install': False, 'path': '/home/hazbiu/ros2_ws/src/IsaacSim-ros_workspaces/jazzy_ws/src/custom_message', 'symlink_install': False, 'test_result_base': None}
[0.166s] Level 5:colcon.colcon_core.verb:set package 'h1_fullbody_controller' build argument 'cmake_args' from command line to 'None'
[0.166s] Level 5:colcon.colcon_core.verb:set package 'h1_fullbody_controller' build argument 'cmake_target' from command line to 'None'
[0.166s] Level 5:colcon.colcon_core.verb:set package 'h1_fullbody_controller' build argument 'cmake_target_skip_unavailable' from command line to 'False'
[0.166s] Level 5:colcon.colcon_core.verb:set package 'h1_fullbody_controller' build argument 'cmake_clean_cache' from command line to 'False'
[0.166s] Level 5:colcon.colcon_core.verb:set package 'h1_fullbody_controller' build argument 'cmake_clean_first' from command line to 'False'
[0.166s] Level 5:colcon.colcon_core.verb:set package 'h1_fullbody_controller' build argument 'cmake_force_configure' from command line to 'False'
[0.166s] Level 5:colcon.colcon_core.verb:set package 'h1_fullbody_controller' build argument 'ament_cmake_args' from command line to 'None'
[0.166s] Level 5:colcon.colcon_core.verb:set package 'h1_fullbody_controller' build argument 'catkin_cmake_args' from command line to 'None'
[0.166s] Level 5:colcon.colcon_core.verb:set package 'h1_fullbody_controller' build argument 'catkin_skip_building_tests' from command line to 'False'
[0.166s] DEBUG:colcon.colcon_core.verb:Building package 'h1_fullbody_controller' with the following arguments: {'ament_cmake_args': None, 'build_base': '/home/hazbiu/ros2_ws/build/h1_fullbody_controller', 'catkin_cmake_args': None, 'catkin_skip_building_tests': False, 'cmake_args': None, 'cmake_clean_cache': False, 'cmake_clean_first': False, 'cmake_force_configure': False, 'cmake_target': None, 'cmake_target_skip_unavailable': False, 'install_base': '/home/hazbiu/ros2_ws/install/h1_fullbody_controller', 'merge_install': False, 'path': '/home/hazbiu/ros2_ws/src/IsaacSim-ros_workspaces/jazzy_ws/src/humanoid_locomotion_policy_example/h1_fullbody_controller', 'symlink_install': False, 'test_result_base': None}
[0.166s] Level 5:colcon.colcon_core.verb:set package 'isaac_moveit' build argument 'cmake_args' from command line to 'None'
[0.166s] Level 5:colcon.colcon_core.verb:set package 'isaac_moveit' build argument 'cmake_target' from command line to 'None'
[0.167s] Level 5:colcon.colcon_core.verb:set package 'isaac_moveit' build argument 'cmake_target_skip_unavailable' from command line to 'False'
[0.167s] Level 5:colcon.colcon_core.verb:set package 'isaac_moveit' build argument 'cmake_clean_cache' from command line to 'False'
[0.167s] Level 5:colcon.colcon_core.verb:set package 'isaac_moveit' build argument 'cmake_clean_first' from command line to 'False'
[0.167s] Level 5:colcon.colcon_core.verb:set package 'isaac_moveit' build argument 'cmake_force_configure' from command line to 'False'
[0.167s] Level 5:colcon.colcon_core.verb:set package 'isaac_moveit' build argument 'ament_cmake_args' from command line to 'None'
[0.167s] Level 5:colcon.colcon_core.verb:set package 'isaac_moveit' build argument 'catkin_cmake_args' from command line to 'None'
[0.167s] Level 5:colcon.colcon_core.verb:set package 'isaac_moveit' build argument 'catkin_skip_building_tests' from command line to 'False'
[0.167s] DEBUG:colcon.colcon_core.verb:Building package 'isaac_moveit' with the following arguments: {'ament_cmake_args': None, 'build_base': '/home/hazbiu/ros2_ws/build/isaac_moveit', 'catkin_cmake_args': None, 'catkin_skip_building_tests': False, 'cmake_args': None, 'cmake_clean_cache': False, 'cmake_clean_first': False, 'cmake_force_configure': False, 'cmake_target': None, 'cmake_target_skip_unavailable': False, 'install_base': '/home/hazbiu/ros2_ws/install/isaac_moveit', 'merge_install': False, 'path': '/home/hazbiu/ros2_ws/src/IsaacSim-ros_workspaces/jazzy_ws/src/moveit/isaac_moveit', 'symlink_install': False, 'test_result_base': None}
[0.167s] Level 5:colcon.colcon_core.verb:set package 'isaac_ros2_messages' build argument 'cmake_args' from command line to 'None'
[0.167s] Level 5:colcon.colcon_core.verb:set package 'isaac_ros2_messages' build argument 'cmake_target' from command line to 'None'
[0.167s] Level 5:colcon.colcon_core.verb:set package 'isaac_ros2_messages' build argument 'cmake_target_skip_unavailable' from command line to 'False'
[0.167s] Level 5:colcon.colcon_core.verb:set package 'isaac_ros2_messages' build argument 'cmake_clean_cache' from command line to 'False'
[0.167s] Level 5:colcon.colcon_core.verb:set package 'isaac_ros2_messages' build argument 'cmake_clean_first' from command line to 'False'
[0.167s] Level 5:colcon.colcon_core.verb:set package 'isaac_ros2_messages' build argument 'cmake_force_configure' from command line to 'False'
[0.167s] Level 5:colcon.colcon_core.verb:set package 'isaac_ros2_messages' build argument 'ament_cmake_args' from command line to 'None'
[0.167s] Level 5:colcon.colcon_core.verb:set package 'isaac_ros2_messages' build argument 'catkin_cmake_args' from command line to 'None'
[0.167s] Level 5:colcon.colcon_core.verb:set package 'isaac_ros2_messages' build argument 'catkin_skip_building_tests' from command line to 'False'
[0.167s] DEBUG:colcon.colcon_core.verb:Building package 'isaac_ros2_messages' with the following arguments: {'ament_cmake_args': None, 'build_base': '/home/hazbiu/ros2_ws/build/isaac_ros2_messages', 'catkin_cmake_args': None, 'catkin_skip_building_tests': False, 'cmake_args': None, 'cmake_clean_cache': False, 'cmake_clean_first': False, 'cmake_force_configure': False, 'cmake_target': None, 'cmake_target_skip_unavailable': False, 'install_base': '/home/hazbiu/ros2_ws/install/isaac_ros2_messages', 'merge_install': False, 'path': '/home/hazbiu/ros2_ws/src/IsaacSim-ros_workspaces/jazzy_ws/src/isaac_ros2_messages', 'symlink_install': False, 'test_result_base': None}
[0.167s] Level 5:colcon.colcon_core.verb:set package 'isaac_ros_navigation_goal' build argument 'cmake_args' from command line to 'None'
[0.167s] Level 5:colcon.colcon_core.verb:set package 'isaac_ros_navigation_goal' build argument 'cmake_target' from command line to 'None'
[0.167s] Level 5:colcon.colcon_core.verb:set package 'isaac_ros_navigation_goal' build argument 'cmake_target_skip_unavailable' from command line to 'False'
[0.167s] Level 5:colcon.colcon_core.verb:set package 'isaac_ros_navigation_goal' build argument 'cmake_clean_cache' from command line to 'False'
[0.167s] Level 5:colcon.colcon_core.verb:set package 'isaac_ros_navigation_goal' build argument 'cmake_clean_first' from command line to 'False'
[0.167s] Level 5:colcon.colcon_core.verb:set package 'isaac_ros_navigation_goal' build argument 'cmake_force_configure' from command line to 'False'
[0.167s] Level 5:colcon.colcon_core.verb:set package 'isaac_ros_navigation_goal' build argument 'ament_cmake_args' from command line to 'None'
[0.167s] Level 5:colcon.colcon_core.verb:set package 'isaac_ros_navigation_goal' build argument 'catkin_cmake_args' from command line to 'None'
[0.167s] Level 5:colcon.colcon_core.verb:set package 'isaac_ros_navigation_goal' build argument 'catkin_skip_building_tests' from command line to 'False'
[0.167s] DEBUG:colcon.colcon_core.verb:Building package 'isaac_ros_navigation_goal' with the following arguments: {'ament_cmake_args': None, 'build_base': '/home/hazbiu/ros2_ws/build/isaac_ros_navigation_goal', 'catkin_cmake_args': None, 'catkin_skip_building_tests': False, 'cmake_args': None, 'cmake_clean_cache': False, 'cmake_clean_first': False, 'cmake_force_configure': False, 'cmake_target': None, 'cmake_target_skip_unavailable': False, 'install_base': '/home/hazbiu/ros2_ws/install/isaac_ros_navigation_goal', 'merge_install': False, 'path': '/home/hazbiu/ros2_ws/src/IsaacSim-ros_workspaces/jazzy_ws/src/navigation/isaac_ros_navigation_goal', 'symlink_install': False, 'test_result_base': None}
[0.167s] Level 5:colcon.colcon_core.verb:set package 'isaac_tutorials' build argument 'cmake_args' from command line to 'None'
[0.167s] Level 5:colcon.colcon_core.verb:set package 'isaac_tutorials' build argument 'cmake_target' from command line to 'None'
[0.167s] Level 5:colcon.colcon_core.verb:set package 'isaac_tutorials' build argument 'cmake_target_skip_unavailable' from command line to 'False'
[0.167s] Level 5:colcon.colcon_core.verb:set package 'isaac_tutorials' build argument 'cmake_clean_cache' from command line to 'False'
[0.167s] Level 5:colcon.colcon_core.verb:set package 'isaac_tutorials' build argument 'cmake_clean_first' from command line to 'False'
[0.167s] Level 5:colcon.colcon_core.verb:set package 'isaac_tutorials' build argument 'cmake_force_configure' from command line to 'False'
[0.167s] Level 5:colcon.colcon_core.verb:set package 'isaac_tutorials' build argument 'ament_cmake_args' from command line to 'None'
[0.167s] Level 5:colcon.colcon_core.verb:set package 'isaac_tutorials' build argument 'catkin_cmake_args' from command line to 'None'
[0.167s] Level 5:colcon.colcon_core.verb:set package 'isaac_tutorials' build argument 'catkin_skip_building_tests' from command line to 'False'
[0.167s] DEBUG:colcon.colcon_core.verb:Building package 'isaac_tutorials' with the following arguments: {'ament_cmake_args': None, 'build_base': '/home/hazbiu/ros2_ws/build/isaac_tutorials', 'catkin_cmake_args': None, 'catkin_skip_building_tests': False, 'cmake_args': None, 'cmake_clean_cache': False, 'cmake_clean_first': False, 'cmake_force_configure': False, 'cmake_target': None, 'cmake_target_skip_unavailable': False, 'install_base': '/home/hazbiu/ros2_ws/install/isaac_tutorials', 'merge_install': False, 'path': '/home/hazbiu/ros2_ws/src/IsaacSim-ros_workspaces/jazzy_ws/src/isaac_tutorials', 'symlink_install': False, 'test_result_base': None}
[0.167s] Level 5:colcon.colcon_core.verb:set package 'isaacsim' build argument 'cmake_args' from command line to 'None'
[0.167s] Level 5:colcon.colcon_core.verb:set package 'isaacsim' build argument 'cmake_target' from command line to 'None'
[0.167s] Level 5:colcon.colcon_core.verb:set package 'isaacsim' build argument 'cmake_target_skip_unavailable' from command line to 'False'
[0.167s] Level 5:colcon.colcon_core.verb:set package 'isaacsim' build argument 'cmake_clean_cache' from command line to 'False'
[0.167s] Level 5:colcon.colcon_core.verb:set package 'isaacsim' build argument 'cmake_clean_first' from command line to 'False'
[0.167s] Level 5:colcon.colcon_core.verb:set package 'isaacsim' build argument 'cmake_force_configure' from command line to 'False'
[0.167s] Level 5:colcon.colcon_core.verb:set package 'isaacsim' build argument 'ament_cmake_args' from command line to 'None'
[0.167s] Level 5:colcon.colcon_core.verb:set package 'isaacsim' build argument 'catkin_cmake_args' from command line to 'None'
[0.167s] Level 5:colcon.colcon_core.verb:set package 'isaacsim' build argument 'catkin_skip_building_tests' from command line to 'False'
[0.167s] DEBUG:colcon.colcon_core.verb:Building package 'isaacsim' with the following arguments: {'ament_cmake_args': None, 'build_base': '/home/hazbiu/ros2_ws/build/isaacsim', 'catkin_cmake_args': None, 'catkin_skip_building_tests': False, 'cmake_args': None, 'cmake_clean_cache': False, 'cmake_clean_first': False, 'cmake_force_configure': False, 'cmake_target': None, 'cmake_target_skip_unavailable': False, 'install_base': '/home/hazbiu/ros2_ws/install/isaacsim', 'merge_install': False, 'path': '/home/hazbiu/ros2_ws/src/IsaacSim-ros_workspaces/jazzy_ws/src/isaacsim', 'symlink_install': False, 'test_result_base': None}
[0.167s] Level 5:colcon.colcon_core.verb:set package 'iw_hub_navigation' build argument 'cmake_args' from command line to 'None'
[0.167s] Level 5:colcon.colcon_core.verb:set package 'iw_hub_navigation' build argument 'cmake_target' from command line to 'None'
[0.167s] Level 5:colcon.colcon_core.verb:set package 'iw_hub_navigation' build argument 'cmake_target_skip_unavailable' from command line to 'False'
[0.167s] Level 5:colcon.colcon_core.verb:set package 'iw_hub_navigation' build argument 'cmake_clean_cache' from command line to 'False'
[0.167s] Level 5:colcon.colcon_core.verb:set package 'iw_hub_navigation' build argument 'cmake_clean_first' from command line to 'False'
[0.167s] Level 5:colcon.colcon_core.verb:set package 'iw_hub_navigation' build argument 'cmake_force_configure' from command line to 'False'
[0.167s] Level 5:colcon.colcon_core.verb:set package 'iw_hub_navigation' build argument 'ament_cmake_args' from command line to 'None'
[0.167s] Level 5:colcon.colcon_core.verb:set package 'iw_hub_navigation' build argument 'catkin_cmake_args' from command line to 'None'
[0.167s] Level 5:colcon.colcon_core.verb:set package 'iw_hub_navigation' build argument 'catkin_skip_building_tests' from command line to 'False'
[0.167s] DEBUG:colcon.colcon_core.verb:Building package 'iw_hub_navigation' with the following arguments: {'ament_cmake_args': None, 'build_base': '/home/hazbiu/ros2_ws/build/iw_hub_navigation', 'catkin_cmake_args': None, 'catkin_skip_building_tests': False, 'cmake_args': None, 'cmake_clean_cache': False, 'cmake_clean_first': False, 'cmake_force_configure': False, 'cmake_target': None, 'cmake_target_skip_unavailable': False, 'install_base': '/home/hazbiu/ros2_ws/install/iw_hub_navigation', 'merge_install': False, 'path': '/home/hazbiu/ros2_ws/src/IsaacSim-ros_workspaces/jazzy_ws/src/navigation/iw_hub_navigation', 'symlink_install': False, 'test_result_base': None}
[0.167s] Level 5:colcon.colcon_core.verb:set package 'kaya_navigation' build argument 'cmake_args' from command line to 'None'
[0.167s] Level 5:colcon.colcon_core.verb:set package 'kaya_navigation' build argument 'cmake_target' from command line to 'None'
[0.167s] Level 5:colcon.colcon_core.verb:set package 'kaya_navigation' build argument 'cmake_target_skip_unavailable' from command line to 'False'
[0.168s] Level 5:colcon.colcon_core.verb:set package 'kaya_navigation' build argument 'cmake_clean_cache' from command line to 'False'
[0.168s] Level 5:colcon.colcon_core.verb:set package 'kaya_navigation' build argument 'cmake_clean_first' from command line to 'False'
[0.168s] Level 5:colcon.colcon_core.verb:set package 'kaya_navigation' build argument 'cmake_force_configure' from command line to 'False'
[0.168s] Level 5:colcon.colcon_core.verb:set package 'kaya_navigation' build argument 'ament_cmake_args' from command line to 'None'
[0.168s] Level 5:colcon.colcon_core.verb:set package 'kaya_navigation' build argument 'catkin_cmake_args' from command line to 'None'
[0.168s] Level 5:colcon.colcon_core.verb:set package 'kaya_navigation' build argument 'catkin_skip_building_tests' from command line to 'False'
[0.168s] DEBUG:colcon.colcon_core.verb:Building package 'kaya_navigation' with the following arguments: {'ament_cmake_args': None, 'build_base': '/home/hazbiu/ros2_ws/build/kaya_navigation', 'catkin_cmake_args': None, 'catkin_skip_building_tests': False, 'cmake_args': None, 'cmake_clean_cache': False, 'cmake_clean_first': False, 'cmake_force_configure': False, 'cmake_target': None, 'cmake_target_skip_unavailable': False, 'install_base': '/home/hazbiu/ros2_ws/install/kaya_navigation', 'merge_install': False, 'path': '/home/hazbiu/ros2_ws/src/IsaacSim-ros_workspaces/jazzy_ws/src/kaya_navigation', 'symlink_install': False, 'test_result_base': None}
[0.168s] INFO:colcon.colcon_core.executor:Executing jobs using 'parallel' executor
[0.168s] DEBUG:colcon.colcon_parallel_executor.executor.parallel:run_until_complete
[0.168s] INFO:colcon.colcon_ros.task.ament_cmake.build:Building ROS package in '/home/hazbiu/ros2_ws/src/IsaacSim-ros_workspaces/jazzy_ws/src/navigation/carter_navigation' with build type 'ament_cmake'
[0.168s] INFO:colcon.colcon_cmake.task.cmake.build:Building CMake package in '/home/hazbiu/ros2_ws/src/IsaacSim-ros_workspaces/jazzy_ws/src/navigation/carter_navigation'
[0.170s] INFO:colcon.colcon_core.plugin_system:Skipping extension 'colcon_core.shell.bat': Not used on non-Windows systems
[0.170s] INFO:colcon.colcon_core.shell:Skip shell extension 'powershell' for command environment: Not usable outside of PowerShell
[0.170s] DEBUG:colcon.colcon_core.shell:Skip shell extension 'dsv' for command environment
[0.172s] INFO:colcon.colcon_ros.task.ament_cmake.build:Building ROS package in '/home/hazbiu/ros2_ws/src/IsaacSim-ros_workspaces/jazzy_ws/src/navigation/carter_v1_navigation' with build type 'ament_cmake'
[0.172s] INFO:colcon.colcon_cmake.task.cmake.build:Building CMake package in '/home/hazbiu/ros2_ws/src/IsaacSim-ros_workspaces/jazzy_ws/src/navigation/carter_v1_navigation'
[0.172s] INFO:colcon.colcon_core.shell:Skip shell extension 'powershell' for command environment: Not usable outside of PowerShell
[0.172s] DEBUG:colcon.colcon_core.shell:Skip shell extension 'dsv' for command environment
[0.175s] INFO:colcon.colcon_ros.task.ament_cmake.build:Building ROS package in '/home/hazbiu/ros2_ws/src/IsaacSim-ros_workspaces/jazzy_ws/src/ackermann_control/cmdvel_to_ackermann' with build type 'ament_cmake'
[0.175s] INFO:colcon.colcon_cmake.task.cmake.build:Building CMake package in '/home/hazbiu/ros2_ws/src/IsaacSim-ros_workspaces/jazzy_ws/src/ackermann_control/cmdvel_to_ackermann'
[0.175s] INFO:colcon.colcon_core.shell:Skip shell extension 'powershell' for command environment: Not usable outside of PowerShell
[0.175s] DEBUG:colcon.colcon_core.shell:Skip shell extension 'dsv' for command environment
[0.177s] INFO:colcon.colcon_ros.task.ament_cmake.build:Building ROS package in '/home/hazbiu/ros2_ws/src/IsaacSim-ros_workspaces/jazzy_ws/src/custom_message' with build type 'ament_cmake'
[0.177s] INFO:colcon.colcon_cmake.task.cmake.build:Building CMake package in '/home/hazbiu/ros2_ws/src/IsaacSim-ros_workspaces/jazzy_ws/src/custom_message'
[0.177s] INFO:colcon.colcon_core.shell:Skip shell extension 'powershell' for command environment: Not usable outside of PowerShell
[0.177s] DEBUG:colcon.colcon_core.shell:Skip shell extension 'dsv' for command environment
[0.180s] INFO:colcon.colcon_ros.task.ament_cmake.build:Building ROS package in '/home/hazbiu/ros2_ws/src/IsaacSim-ros_workspaces/jazzy_ws/src/humanoid_locomotion_policy_example/h1_fullbody_controller' with build type 'ament_cmake'
[0.180s] INFO:colcon.colcon_cmake.task.cmake.build:Building CMake package in '/home/hazbiu/ros2_ws/src/IsaacSim-ros_workspaces/jazzy_ws/src/humanoid_locomotion_policy_example/h1_fullbody_controller'
[0.180s] INFO:colcon.colcon_core.shell:Skip shell extension 'powershell' for command environment: Not usable outside of PowerShell
[0.180s] DEBUG:colcon.colcon_core.shell:Skip shell extension 'dsv' for command environment
[0.182s] INFO:colcon.colcon_ros.task.ament_cmake.build:Building ROS package in '/home/hazbiu/ros2_ws/src/IsaacSim-ros_workspaces/jazzy_ws/src/moveit/isaac_moveit' with build type 'ament_cmake'
[0.182s] INFO:colcon.colcon_cmake.task.cmake.build:Building CMake package in '/home/hazbiu/ros2_ws/src/IsaacSim-ros_workspaces/jazzy_ws/src/moveit/isaac_moveit'
[0.182s] INFO:colcon.colcon_core.shell:Skip shell extension 'powershell' for command environment: Not usable outside of PowerShell
[0.182s] DEBUG:colcon.colcon_core.shell:Skip shell extension 'dsv' for command environment
[0.185s] INFO:colcon.colcon_ros.task.ament_cmake.build:Building ROS package in '/home/hazbiu/ros2_ws/src/IsaacSim-ros_workspaces/jazzy_ws/src/isaac_ros2_messages' with build type 'ament_cmake'
[0.185s] INFO:colcon.colcon_cmake.task.cmake.build:Building CMake package in '/home/hazbiu/ros2_ws/src/IsaacSim-ros_workspaces/jazzy_ws/src/isaac_ros2_messages'
[0.185s] INFO:colcon.colcon_core.shell:Skip shell extension 'powershell' for command environment: Not usable outside of PowerShell
[0.185s] DEBUG:colcon.colcon_core.shell:Skip shell extension 'dsv' for command environment
[0.187s] INFO:colcon.colcon_ros.task.ament_python.build:Building ROS package in '/home/hazbiu/ros2_ws/src/IsaacSim-ros_workspaces/jazzy_ws/src/navigation/isaac_ros_navigation_goal' with build type 'ament_python'
[0.187s] Level 1:colcon.colcon_core.shell:create_environment_hook('isaac_ros_navigation_goal', 'ament_prefix_path')
[0.187s] INFO:colcon.colcon_core.shell:Creating environment hook '/home/hazbiu/ros2_ws/install/isaac_ros_navigation_goal/share/isaac_ros_navigation_goal/hook/ament_prefix_path.ps1'
[0.188s] INFO:colcon.colcon_core.shell:Creating environment descriptor '/home/hazbiu/ros2_ws/install/isaac_ros_navigation_goal/share/isaac_ros_navigation_goal/hook/ament_prefix_path.dsv'
[0.188s] INFO:colcon.colcon_core.shell:Creating environment hook '/home/hazbiu/ros2_ws/install/isaac_ros_navigation_goal/share/isaac_ros_navigation_goal/hook/ament_prefix_path.sh'
[0.188s] INFO:colcon.colcon_core.shell:Skip shell extension 'powershell' for command environment: Not usable outside of PowerShell
[0.188s] DEBUG:colcon.colcon_core.shell:Skip shell extension 'dsv' for command environment
[0.190s] INFO:colcon.colcon_ros.task.ament_cmake.build:Building ROS package in '/home/hazbiu/ros2_ws/src/IsaacSim-ros_workspaces/jazzy_ws/src/isaac_tutorials' with build type 'ament_cmake'
[0.190s] INFO:colcon.colcon_cmake.task.cmake.build:Building CMake package in '/home/hazbiu/ros2_ws/src/IsaacSim-ros_workspaces/jazzy_ws/src/isaac_tutorials'
[0.191s] INFO:colcon.colcon_core.shell:Skip shell extension 'powershell' for command environment: Not usable outside of PowerShell
[0.191s] DEBUG:colcon.colcon_core.shell:Skip shell extension 'dsv' for command environment
[0.193s] INFO:colcon.colcon_ros.task.ament_cmake.build:Building ROS package in '/home/hazbiu/ros2_ws/src/IsaacSim-ros_workspaces/jazzy_ws/src/isaacsim' with build type 'ament_cmake'
[0.193s] INFO:colcon.colcon_cmake.task.cmake.build:Building CMake package in '/home/hazbiu/ros2_ws/src/IsaacSim-ros_workspaces/jazzy_ws/src/isaacsim'
[0.193s] INFO:colcon.colcon_core.shell:Skip shell extension 'powershell' for command environment: Not usable outside of PowerShell
[0.193s] DEBUG:colcon.colcon_core.shell:Skip shell extension 'dsv' for command environment
[0.195s] INFO:colcon.colcon_ros.task.ament_cmake.build:Building ROS package in '/home/hazbiu/ros2_ws/src/IsaacSim-ros_workspaces/jazzy_ws/src/navigation/iw_hub_navigation' with build type 'ament_cmake'
[0.195s] INFO:colcon.colcon_cmake.task.cmake.build:Building CMake package in '/home/hazbiu/ros2_ws/src/IsaacSim-ros_workspaces/jazzy_ws/src/navigation/iw_hub_navigation'
[0.195s] INFO:colcon.colcon_core.shell:Skip shell extension 'powershell' for command environment: Not usable outside of PowerShell
[0.195s] DEBUG:colcon.colcon_core.shell:Skip shell extension 'dsv' for command environment
[0.197s] INFO:colcon.colcon_ros.task.ament_cmake.build:Building ROS package in '/home/hazbiu/ros2_ws/src/IsaacSim-ros_workspaces/jazzy_ws/src/kaya_navigation' with build type 'ament_cmake'
[0.197s] INFO:colcon.colcon_cmake.task.cmake.build:Building CMake package in '/home/hazbiu/ros2_ws/src/IsaacSim-ros_workspaces/jazzy_ws/src/kaya_navigation'
[0.197s] INFO:colcon.colcon_core.shell:Skip shell extension 'powershell' for command environment: Not usable outside of PowerShell
[0.197s] DEBUG:colcon.colcon_core.shell:Skip shell extension 'dsv' for command environment
[0.202s] DEBUG:colcon.colcon_core.event_handler.log_command:Invoking command in '/home/hazbiu/ros2_ws/build/carter_navigation': CMAKE_PREFIX_PATH=${CMAKE_PREFIX_PATH}:/opt/ros/jazzy DEBUGINFOD_URLS=https://debuginfod.ubuntu.com /usr/bin/cmake /home/hazbiu/ros2_ws/src/IsaacSim-ros_workspaces/jazzy_ws/src/navigation/carter_navigation -DCMAKE_INSTALL_PREFIX=/home/hazbiu/ros2_ws/install/carter_navigation
[0.203s] DEBUG:colcon.colcon_core.event_handler.log_command:Invoking command in '/home/hazbiu/ros2_ws/build/carter_v1_navigation': CMAKE_PREFIX_PATH=${CMAKE_PREFIX_PATH}:/opt/ros/jazzy DEBUGINFOD_URLS=https://debuginfod.ubuntu.com /usr/bin/cmake /home/hazbiu/ros2_ws/src/IsaacSim-ros_workspaces/jazzy_ws/src/navigation/carter_v1_navigation -DCMAKE_INSTALL_PREFIX=/home/hazbiu/ros2_ws/install/carter_v1_navigation
[0.204s] DEBUG:colcon.colcon_core.event_handler.log_command:Invoking command in '/home/hazbiu/ros2_ws/build/cmdvel_to_ackermann': CMAKE_PREFIX_PATH=${CMAKE_PREFIX_PATH}:/opt/ros/jazzy DEBUGINFOD_URLS=https://debuginfod.ubuntu.com /usr/bin/cmake /home/hazbiu/ros2_ws/src/IsaacSim-ros_workspaces/jazzy_ws/src/ackermann_control/cmdvel_to_ackermann -DCMAKE_INSTALL_PREFIX=/home/hazbiu/ros2_ws/install/cmdvel_to_ackermann
[0.205s] DEBUG:colcon.colcon_core.event_handler.log_command:Invoking command in '/home/hazbiu/ros2_ws/build/custom_message': CMAKE_PREFIX_PATH=${CMAKE_PREFIX_PATH}:/opt/ros/jazzy DEBUGINFOD_URLS=https://debuginfod.ubuntu.com /usr/bin/cmake /home/hazbiu/ros2_ws/src/IsaacSim-ros_workspaces/jazzy_ws/src/custom_message -DCMAKE_INSTALL_PREFIX=/home/hazbiu/ros2_ws/install/custom_message
[0.206s] DEBUG:colcon.colcon_core.event_handler.log_command:Invoking command in '/home/hazbiu/ros2_ws/build/h1_fullbody_controller': CMAKE_PREFIX_PATH=${CMAKE_PREFIX_PATH}:/opt/ros/jazzy DEBUGINFOD_URLS=https://debuginfod.ubuntu.com /usr/bin/cmake /home/hazbiu/ros2_ws/src/IsaacSim-ros_workspaces/jazzy_ws/src/humanoid_locomotion_policy_example/h1_fullbody_controller -DCMAKE_INSTALL_PREFIX=/home/hazbiu/ros2_ws/install/h1_fullbody_controller
[0.207s] DEBUG:colcon.colcon_core.event_handler.log_command:Invoking command in '/home/hazbiu/ros2_ws/build/isaac_moveit': CMAKE_PREFIX_PATH=${CMAKE_PREFIX_PATH}:/opt/ros/jazzy DEBUGINFOD_URLS=https://debuginfod.ubuntu.com /usr/bin/cmake /home/hazbiu/ros2_ws/src/IsaacSim-ros_workspaces/jazzy_ws/src/moveit/isaac_moveit -DCMAKE_INSTALL_PREFIX=/home/hazbiu/ros2_ws/install/isaac_moveit
[0.208s] DEBUG:colcon.colcon_core.event_handler.log_command:Invoking command in '/home/hazbiu/ros2_ws/build/isaac_ros2_messages': CMAKE_PREFIX_PATH=${CMAKE_PREFIX_PATH}:/opt/ros/jazzy DEBUGINFOD_URLS=https://debuginfod.ubuntu.com /usr/bin/cmake /home/hazbiu/ros2_ws/src/IsaacSim-ros_workspaces/jazzy_ws/src/isaac_ros2_messages -DCMAKE_INSTALL_PREFIX=/home/hazbiu/ros2_ws/install/isaac_ros2_messages
[0.352s] INFO:colcon.colcon_core.task.python.build:Building Python package in '/home/hazbiu/ros2_ws/src/IsaacSim-ros_workspaces/jazzy_ws/src/navigation/isaac_ros_navigation_goal'
[0.353s] INFO:colcon.colcon_core.shell:Skip shell extension 'powershell' for command environment: Not usable outside of PowerShell
[0.353s] DEBUG:colcon.colcon_core.shell:Skip shell extension 'dsv' for command environment
[0.357s] DEBUG:colcon.colcon_core.event_handler.log_command:Invoking command in '/home/hazbiu/ros2_ws/build/isaac_tutorials': CMAKE_PREFIX_PATH=${CMAKE_PREFIX_PATH}:/opt/ros/jazzy DEBUGINFOD_URLS=https://debuginfod.ubuntu.com /usr/bin/cmake /home/hazbiu/ros2_ws/src/IsaacSim-ros_workspaces/jazzy_ws/src/isaac_tutorials -DCMAKE_INSTALL_PREFIX=/home/hazbiu/ros2_ws/install/isaac_tutorials
[0.359s] DEBUG:colcon.colcon_core.event_handler.log_command:Invoking command in '/home/hazbiu/ros2_ws/build/isaacsim': CMAKE_PREFIX_PATH=${CMAKE_PREFIX_PATH}:/opt/ros/jazzy DEBUGINFOD_URLS=https://debuginfod.ubuntu.com /usr/bin/cmake /home/hazbiu/ros2_ws/src/IsaacSim-ros_workspaces/jazzy_ws/src/isaacsim -DCMAKE_INSTALL_PREFIX=/home/hazbiu/ros2_ws/install/isaacsim
[0.360s] DEBUG:colcon.colcon_core.event_handler.log_command:Invoking command in '/home/hazbiu/ros2_ws/build/iw_hub_navigation': CMAKE_PREFIX_PATH=${CMAKE_PREFIX_PATH}:/opt/ros/jazzy DEBUGINFOD_URLS=https://debuginfod.ubuntu.com /usr/bin/cmake /home/hazbiu/ros2_ws/src/IsaacSim-ros_workspaces/jazzy_ws/src/navigation/iw_hub_navigation -DCMAKE_INSTALL_PREFIX=/home/hazbiu/ros2_ws/install/iw_hub_navigation
[0.368s] DEBUG:colcon.colcon_core.event_handler.log_command:Invoking command in '/home/hazbiu/ros2_ws/build/kaya_navigation': CMAKE_PREFIX_PATH=${CMAKE_PREFIX_PATH}:/opt/ros/jazzy DEBUGINFOD_URLS=https://debuginfod.ubuntu.com /usr/bin/cmake /home/hazbiu/ros2_ws/src/IsaacSim-ros_workspaces/jazzy_ws/src/kaya_navigation -DCMAKE_INSTALL_PREFIX=/home/hazbiu/ros2_ws/install/kaya_navigation
[0.788s] DEBUG:colcon.colcon_core.event_handler.log_command:Invoking command in '/home/hazbiu/ros2_ws/src/IsaacSim-ros_workspaces/jazzy_ws/src/navigation/isaac_ros_navigation_goal': DEBUGINFOD_URLS=https://debuginfod.ubuntu.com PYTHONPATH=/home/hazbiu/ros2_ws/build/isaac_ros_navigation_goal/prefix_override:/usr/lib/python3/dist-packages/colcon_core/task/python/colcon_distutils_commands:/home/hazbiu/ros2_ws/install/isaac_ros_navigation_goal/lib/python3.12/site-packages:${PYTHONPATH} /usr/bin/python3 -W ignore:setup.py install is deprecated -W ignore:easy_install command is deprecated setup.py egg_info --egg-base ../../../../../../build/isaac_ros_navigation_goal build --build-base /home/hazbiu/ros2_ws/build/isaac_ros_navigation_goal/build install --record /home/hazbiu/ros2_ws/build/isaac_ros_navigation_goal/install.log --single-version-externally-managed install_data
[0.798s] DEBUG:colcon.colcon_core.event_handler.log_command:Invoked command in '/home/hazbiu/ros2_ws/build/carter_navigation' returned '0': CMAKE_PREFIX_PATH=${CMAKE_PREFIX_PATH}:/opt/ros/jazzy DEBUGINFOD_URLS=https://debuginfod.ubuntu.com /usr/bin/cmake /home/hazbiu/ros2_ws/src/IsaacSim-ros_workspaces/jazzy_ws/src/navigation/carter_navigation -DCMAKE_INSTALL_PREFIX=/home/hazbiu/ros2_ws/install/carter_navigation
[0.799s] DEBUG:colcon.colcon_core.event_handler.log_command:Invoking command in '/home/hazbiu/ros2_ws/build/carter_navigation': CMAKE_PREFIX_PATH=${CMAKE_PREFIX_PATH}:/opt/ros/jazzy DEBUGINFOD_URLS=https://debuginfod.ubuntu.com /usr/bin/cmake --build /home/hazbiu/ros2_ws/build/carter_navigation -- -j24 -l24
[0.809s] DEBUG:colcon.colcon_core.event_handler.log_command:Invoked command in '/home/hazbiu/ros2_ws/build/isaac_moveit' returned '0': CMAKE_PREFIX_PATH=${CMAKE_PREFIX_PATH}:/opt/ros/jazzy DEBUGINFOD_URLS=https://debuginfod.ubuntu.com /usr/bin/cmake /home/hazbiu/ros2_ws/src/IsaacSim-ros_workspaces/jazzy_ws/src/moveit/isaac_moveit -DCMAKE_INSTALL_PREFIX=/home/hazbiu/ros2_ws/install/isaac_moveit
[0.809s] DEBUG:colcon.colcon_core.event_handler.log_command:Invoking command in '/home/hazbiu/ros2_ws/build/isaac_moveit': CMAKE_PREFIX_PATH=${CMAKE_PREFIX_PATH}:/opt/ros/jazzy DEBUGINFOD_URLS=https://debuginfod.ubuntu.com /usr/bin/cmake --build /home/hazbiu/ros2_ws/build/isaac_moveit -- -j24 -l24
[0.811s] DEBUG:colcon.colcon_core.event_handler.log_command:Invoked command in '/home/hazbiu/ros2_ws/build/carter_v1_navigation' returned '0': CMAKE_PREFIX_PATH=${CMAKE_PREFIX_PATH}:/opt/ros/jazzy DEBUGINFOD_URLS=https://debuginfod.ubuntu.com /usr/bin/cmake /home/hazbiu/ros2_ws/src/IsaacSim-ros_workspaces/jazzy_ws/src/navigation/carter_v1_navigation -DCMAKE_INSTALL_PREFIX=/home/hazbiu/ros2_ws/install/carter_v1_navigation
[0.812s] DEBUG:colcon.colcon_core.event_handler.log_command:Invoking command in '/home/hazbiu/ros2_ws/build/carter_v1_navigation': CMAKE_PREFIX_PATH=${CMAKE_PREFIX_PATH}:/opt/ros/jazzy DEBUGINFOD_URLS=https://debuginfod.ubuntu.com /usr/bin/cmake --build /home/hazbiu/ros2_ws/build/carter_v1_navigation -- -j24 -l24
[0.836s] DEBUG:colcon.colcon_core.event_handler.log_command:Invoked command in '/home/hazbiu/ros2_ws/build/carter_navigation' returned '0': CMAKE_PREFIX_PATH=${CMAKE_PREFIX_PATH}:/opt/ros/jazzy DEBUGINFOD_URLS=https://debuginfod.ubuntu.com /usr/bin/cmake --build /home/hazbiu/ros2_ws/build/carter_navigation -- -j24 -l24
[0.847s] DEBUG:colcon.colcon_core.event_handler.log_command:Invoking command in '/home/hazbiu/ros2_ws/build/carter_navigation': CMAKE_PREFIX_PATH=${CMAKE_PREFIX_PATH}:/opt/ros/jazzy DEBUGINFOD_URLS=https://debuginfod.ubuntu.com /usr/bin/cmake --install /home/hazbiu/ros2_ws/build/carter_navigation
[0.847s] DEBUG:colcon.colcon_core.event_handler.log_command:Invoked command in '/home/hazbiu/ros2_ws/build/isaac_moveit' returned '0': CMAKE_PREFIX_PATH=${CMAKE_PREFIX_PATH}:/opt/ros/jazzy DEBUGINFOD_URLS=https://debuginfod.ubuntu.com /usr/bin/cmake --build /home/hazbiu/ros2_ws/build/isaac_moveit -- -j24 -l24
[0.848s] DEBUG:colcon.colcon_core.event_handler.log_command:Invoking command in '/home/hazbiu/ros2_ws/build/isaac_moveit': CMAKE_PREFIX_PATH=${CMAKE_PREFIX_PATH}:/opt/ros/jazzy DEBUGINFOD_URLS=https://debuginfod.ubuntu.com /usr/bin/cmake --install /home/hazbiu/ros2_ws/build/isaac_moveit
[0.853s] DEBUG:colcon.colcon_core.event_handler.log_command:Invoked command in '/home/hazbiu/ros2_ws/build/carter_v1_navigation' returned '0': CMAKE_PREFIX_PATH=${CMAKE_PREFIX_PATH}:/opt/ros/jazzy DEBUGINFOD_URLS=https://debuginfod.ubuntu.com /usr/bin/cmake --build /home/hazbiu/ros2_ws/build/carter_v1_navigation -- -j24 -l24
[0.854s] DEBUG:colcon.colcon_core.event_handler.log_command:Invoking command in '/home/hazbiu/ros2_ws/build/carter_v1_navigation': CMAKE_PREFIX_PATH=${CMAKE_PREFIX_PATH}:/opt/ros/jazzy DEBUGINFOD_URLS=https://debuginfod.ubuntu.com /usr/bin/cmake --install /home/hazbiu/ros2_ws/build/carter_v1_navigation
[0.861s] Level 1:colcon.colcon_core.environment:create_environment_scripts_only(isaac_moveit)
[0.862s] DEBUG:colcon.colcon_core.event_handler.log_command:Invoked command in '/home/hazbiu/ros2_ws/build/isaac_moveit' returned '0': CMAKE_PREFIX_PATH=${CMAKE_PREFIX_PATH}:/opt/ros/jazzy DEBUGINFOD_URLS=https://debuginfod.ubuntu.com /usr/bin/cmake --install /home/hazbiu/ros2_ws/build/isaac_moveit
[0.865s] Level 1:colcon.colcon_core.environment:checking '/home/hazbiu/ros2_ws/install/isaac_moveit' for CMake module files
[0.866s] Level 1:colcon.colcon_core.environment:checking '/home/hazbiu/ros2_ws/install/isaac_moveit' for CMake config files
[0.866s] Level 1:colcon.colcon_core.shell:create_environment_hook('isaac_moveit', 'cmake_prefix_path')
[0.866s] INFO:colcon.colcon_core.shell:Creating environment hook '/home/hazbiu/ros2_ws/install/isaac_moveit/share/isaac_moveit/hook/cmake_prefix_path.ps1'
[0.867s] INFO:colcon.colcon_core.shell:Creating environment descriptor '/home/hazbiu/ros2_ws/install/isaac_moveit/share/isaac_moveit/hook/cmake_prefix_path.dsv'
[0.867s] INFO:colcon.colcon_core.shell:Creating environment hook '/home/hazbiu/ros2_ws/install/isaac_moveit/share/isaac_moveit/hook/cmake_prefix_path.sh'
[0.867s] Level 1:colcon.colcon_core.environment:checking '/home/hazbiu/ros2_ws/install/isaac_moveit/lib'
[0.867s] Level 1:colcon.colcon_core.environment:checking '/home/hazbiu/ros2_ws/install/isaac_moveit/bin'
[0.867s] Level 1:colcon.colcon_core.environment:checking '/home/hazbiu/ros2_ws/install/isaac_moveit/lib/pkgconfig/isaac_moveit.pc'
[0.868s] Level 1:colcon.colcon_core.environment:checking '/home/hazbiu/ros2_ws/install/isaac_moveit/lib/python3.12/site-packages'
[0.868s] Level 1:colcon.colcon_core.environment:checking '/home/hazbiu/ros2_ws/install/isaac_moveit/bin'
[0.868s] INFO:colcon.colcon_core.shell:Creating package script '/home/hazbiu/ros2_ws/install/isaac_moveit/share/isaac_moveit/package.ps1'
[0.869s] INFO:colcon.colcon_core.shell:Creating package descriptor '/home/hazbiu/ros2_ws/install/isaac_moveit/share/isaac_moveit/package.dsv'
[0.869s] INFO:colcon.colcon_core.shell:Creating package script '/home/hazbiu/ros2_ws/install/isaac_moveit/share/isaac_moveit/package.sh'
[0.869s] INFO:colcon.colcon_core.shell:Creating package script '/home/hazbiu/ros2_ws/install/isaac_moveit/share/isaac_moveit/package.bash'
[0.870s] INFO:colcon.colcon_core.shell:Creating package script '/home/hazbiu/ros2_ws/install/isaac_moveit/share/isaac_moveit/package.zsh'
[0.870s] Level 1:colcon.colcon_core.environment:create_file_with_runtime_dependencies(/home/hazbiu/ros2_ws/install/isaac_moveit/share/colcon-core/packages/isaac_moveit)
[0.870s] Level 1:colcon.colcon_core.environment:create_environment_scripts_only(isaac_moveit)
[0.871s] Level 1:colcon.colcon_core.environment:checking '/home/hazbiu/ros2_ws/install/isaac_moveit' for CMake module files
[0.871s] Level 1:colcon.colcon_core.environment:checking '/home/hazbiu/ros2_ws/install/isaac_moveit' for CMake config files
[0.871s] Level 1:colcon.colcon_core.shell:create_environment_hook('isaac_moveit', 'cmake_prefix_path')
[0.871s] INFO:colcon.colcon_core.shell:Creating environment hook '/home/hazbiu/ros2_ws/install/isaac_moveit/share/isaac_moveit/hook/cmake_prefix_path.ps1'
[0.872s] INFO:colcon.colcon_core.shell:Creating environment descriptor '/home/hazbiu/ros2_ws/install/isaac_moveit/share/isaac_moveit/hook/cmake_prefix_path.dsv'
[0.872s] INFO:colcon.colcon_core.shell:Creating environment hook '/home/hazbiu/ros2_ws/install/isaac_moveit/share/isaac_moveit/hook/cmake_prefix_path.sh'
[0.873s] Level 1:colcon.colcon_core.environment:checking '/home/hazbiu/ros2_ws/install/isaac_moveit/lib'
[0.873s] Level 1:colcon.colcon_core.environment:checking '/home/hazbiu/ros2_ws/install/isaac_moveit/bin'
[0.873s] Level 1:colcon.colcon_core.environment:checking '/home/hazbiu/ros2_ws/install/isaac_moveit/lib/pkgconfig/isaac_moveit.pc'
[0.873s] Level 1:colcon.colcon_core.environment:checking '/home/hazbiu/ros2_ws/install/isaac_moveit/lib/python3.12/site-packages'
[0.873s] Level 1:colcon.colcon_core.environment:checking '/home/hazbiu/ros2_ws/install/isaac_moveit/bin'
[0.873s] INFO:colcon.colcon_core.shell:Creating package script '/home/hazbiu/ros2_ws/install/isaac_moveit/share/isaac_moveit/package.ps1'
[0.874s] INFO:colcon.colcon_core.shell:Creating package descriptor '/home/hazbiu/ros2_ws/install/isaac_moveit/share/isaac_moveit/package.dsv'
[0.874s] INFO:colcon.colcon_core.shell:Creating package script '/home/hazbiu/ros2_ws/install/isaac_moveit/share/isaac_moveit/package.sh'
[0.874s] INFO:colcon.colcon_core.shell:Creating package script '/home/hazbiu/ros2_ws/install/isaac_moveit/share/isaac_moveit/package.bash'
[0.875s] INFO:colcon.colcon_core.shell:Creating package script '/home/hazbiu/ros2_ws/install/isaac_moveit/share/isaac_moveit/package.zsh'
[0.875s] Level 1:colcon.colcon_core.environment:create_file_with_runtime_dependencies(/home/hazbiu/ros2_ws/install/isaac_moveit/share/colcon-core/packages/isaac_moveit)
[0.875s] Level 1:colcon.colcon_core.environment:create_environment_scripts_only(carter_navigation)
[0.875s] Level 1:colcon.colcon_core.environment:checking '/home/hazbiu/ros2_ws/install/carter_navigation' for CMake module files
[0.876s] DEBUG:colcon.colcon_core.event_handler.log_command:Invoked command in '/home/hazbiu/ros2_ws/build/carter_navigation' returned '0': CMAKE_PREFIX_PATH=${CMAKE_PREFIX_PATH}:/opt/ros/jazzy DEBUGINFOD_URLS=https://debuginfod.ubuntu.com /usr/bin/cmake --install /home/hazbiu/ros2_ws/build/carter_navigation
[0.876s] Level 1:colcon.colcon_core.environment:checking '/home/hazbiu/ros2_ws/install/carter_navigation' for CMake config files
[0.876s] Level 1:colcon.colcon_core.shell:create_environment_hook('carter_navigation', 'cmake_prefix_path')
[0.876s] INFO:colcon.colcon_core.shell:Creating environment hook '/home/hazbiu/ros2_ws/install/carter_navigation/share/carter_navigation/hook/cmake_prefix_path.ps1'
[0.877s] INFO:colcon.colcon_core.shell:Creating environment descriptor '/home/hazbiu/ros2_ws/install/carter_navigation/share/carter_navigation/hook/cmake_prefix_path.dsv'
[0.877s] INFO:colcon.colcon_core.shell:Creating environment hook '/home/hazbiu/ros2_ws/install/carter_navigation/share/carter_navigation/hook/cmake_prefix_path.sh'
[0.877s] Level 1:colcon.colcon_core.environment:checking '/home/hazbiu/ros2_ws/install/carter_navigation/bin'
[0.877s] Level 1:colcon.colcon_core.environment:checking '/home/hazbiu/ros2_ws/install/carter_navigation/lib/pkgconfig/carter_navigation.pc'
[0.877s] Level 1:colcon.colcon_core.environment:checking '/home/hazbiu/ros2_ws/install/carter_navigation/lib/python3.12/site-packages'
[0.878s] Level 1:colcon.colcon_core.environment:checking '/home/hazbiu/ros2_ws/install/carter_navigation/bin'
[0.878s] INFO:colcon.colcon_core.shell:Creating package script '/home/hazbiu/ros2_ws/install/carter_navigation/share/carter_navigation/package.ps1'
[0.878s] INFO:colcon.colcon_core.shell:Creating package descriptor '/home/hazbiu/ros2_ws/install/carter_navigation/share/carter_navigation/package.dsv'
[0.878s] INFO:colcon.colcon_core.shell:Creating package script '/home/hazbiu/ros2_ws/install/carter_navigation/share/carter_navigation/package.sh'
[0.879s] INFO:colcon.colcon_core.shell:Creating package script '/home/hazbiu/ros2_ws/install/carter_navigation/share/carter_navigation/package.bash'
[0.879s] INFO:colcon.colcon_core.shell:Creating package script '/home/hazbiu/ros2_ws/install/carter_navigation/share/carter_navigation/package.zsh'
[0.879s] Level 1:colcon.colcon_core.environment:create_file_with_runtime_dependencies(/home/hazbiu/ros2_ws/install/carter_navigation/share/colcon-core/packages/carter_navigation)
[0.880s] Level 1:colcon.colcon_core.environment:create_environment_scripts_only(carter_navigation)
[0.880s] Level 1:colcon.colcon_core.environment:checking '/home/hazbiu/ros2_ws/install/carter_navigation' for CMake module files
[0.880s] Level 1:colcon.colcon_core.environment:checking '/home/hazbiu/ros2_ws/install/carter_navigation' for CMake config files
[0.880s] Level 1:colcon.colcon_core.shell:create_environment_hook('carter_navigation', 'cmake_prefix_path')
[0.880s] INFO:colcon.colcon_core.shell:Creating environment hook '/home/hazbiu/ros2_ws/install/carter_navigation/share/carter_navigation/hook/cmake_prefix_path.ps1'
[0.881s] INFO:colcon.colcon_core.shell:Creating environment descriptor '/home/hazbiu/ros2_ws/install/carter_navigation/share/carter_navigation/hook/cmake_prefix_path.dsv'
[0.881s] INFO:colcon.colcon_core.shell:Creating environment hook '/home/hazbiu/ros2_ws/install/carter_navigation/share/carter_navigation/hook/cmake_prefix_path.sh'
[0.881s] Level 1:colcon.colcon_core.environment:checking '/home/hazbiu/ros2_ws/install/carter_navigation/bin'
[0.881s] Level 1:colcon.colcon_core.environment:checking '/home/hazbiu/ros2_ws/install/carter_navigation/lib/pkgconfig/carter_navigation.pc'
[0.882s] Level 1:colcon.colcon_core.environment:checking '/home/hazbiu/ros2_ws/install/carter_navigation/lib/python3.12/site-packages'
[0.882s] Level 1:colcon.colcon_core.environment:checking '/home/hazbiu/ros2_ws/install/carter_navigation/bin'
[0.882s] INFO:colcon.colcon_core.shell:Creating package script '/home/hazbiu/ros2_ws/install/carter_navigation/share/carter_navigation/package.ps1'
[0.882s] INFO:colcon.colcon_core.shell:Creating package descriptor '/home/hazbiu/ros2_ws/install/carter_navigation/share/carter_navigation/package.dsv'
[0.883s] INFO:colcon.colcon_core.shell:Creating package script '/home/hazbiu/ros2_ws/install/carter_navigation/share/carter_navigation/package.sh'
[0.883s] INFO:colcon.colcon_core.shell:Creating package script '/home/hazbiu/ros2_ws/install/carter_navigation/share/carter_navigation/package.bash'
[0.883s] INFO:colcon.colcon_core.shell:Creating package script '/home/hazbiu/ros2_ws/install/carter_navigation/share/carter_navigation/package.zsh'
[0.884s] Level 1:colcon.colcon_core.environment:create_file_with_runtime_dependencies(/home/hazbiu/ros2_ws/install/carter_navigation/share/colcon-core/packages/carter_navigation)
[0.884s] Level 1:colcon.colcon_core.environment:create_environment_scripts_only(carter_v1_navigation)
[0.884s] Level 1:colcon.colcon_core.environment:checking '/home/hazbiu/ros2_ws/install/carter_v1_navigation' for CMake module files
[0.885s] DEBUG:colcon.colcon_core.event_handler.log_command:Invoked command in '/home/hazbiu/ros2_ws/build/carter_v1_navigation' returned '0': CMAKE_PREFIX_PATH=${CMAKE_PREFIX_PATH}:/opt/ros/jazzy DEBUGINFOD_URLS=https://debuginfod.ubuntu.com /usr/bin/cmake --install /home/hazbiu/ros2_ws/build/carter_v1_navigation
[0.885s] Level 1:colcon.colcon_core.environment:checking '/home/hazbiu/ros2_ws/install/carter_v1_navigation' for CMake config files
[0.885s] Level 1:colcon.colcon_core.shell:create_environment_hook('carter_v1_navigation', 'cmake_prefix_path')
[0.885s] INFO:colcon.colcon_core.shell:Creating environment hook '/home/hazbiu/ros2_ws/install/carter_v1_navigation/share/carter_v1_navigation/hook/cmake_prefix_path.ps1'
[0.885s] INFO:colcon.colcon_core.shell:Creating environment descriptor '/home/hazbiu/ros2_ws/install/carter_v1_navigation/share/carter_v1_navigation/hook/cmake_prefix_path.dsv'
[0.885s] INFO:colcon.colcon_core.shell:Creating environment hook '/home/hazbiu/ros2_ws/install/carter_v1_navigation/share/carter_v1_navigation/hook/cmake_prefix_path.sh'
[0.886s] Level 1:colcon.colcon_core.environment:checking '/home/hazbiu/ros2_ws/install/carter_v1_navigation/bin'
[0.886s] Level 1:colcon.colcon_core.environment:checking '/home/hazbiu/ros2_ws/install/carter_v1_navigation/lib/pkgconfig/carter_v1_navigation.pc'
[0.886s] Level 1:colcon.colcon_core.environment:checking '/home/hazbiu/ros2_ws/install/carter_v1_navigation/lib/python3.12/site-packages'
[0.886s] Level 1:colcon.colcon_core.environment:checking '/home/hazbiu/ros2_ws/install/carter_v1_navigation/bin'
[0.886s] INFO:colcon.colcon_core.shell:Creating package script '/home/hazbiu/ros2_ws/install/carter_v1_navigation/share/carter_v1_navigation/package.ps1'
[0.886s] INFO:colcon.colcon_core.shell:Creating package descriptor '/home/hazbiu/ros2_ws/install/carter_v1_navigation/share/carter_v1_navigation/package.dsv'
[0.886s] INFO:colcon.colcon_core.shell:Creating package script '/home/hazbiu/ros2_ws/install/carter_v1_navigation/share/carter_v1_navigation/package.sh'
[0.887s] INFO:colcon.colcon_core.shell:Creating package script '/home/hazbiu/ros2_ws/install/carter_v1_navigation/share/carter_v1_navigation/package.bash'
[0.887s] INFO:colcon.colcon_core.shell:Creating package script '/home/hazbiu/ros2_ws/install/carter_v1_navigation/share/carter_v1_navigation/package.zsh'
[0.887s] Level 1:colcon.colcon_core.environment:create_file_with_runtime_dependencies(/home/hazbiu/ros2_ws/install/carter_v1_navigation/share/colcon-core/packages/carter_v1_navigation)
[0.887s] Level 1:colcon.colcon_core.environment:create_environment_scripts_only(carter_v1_navigation)
[0.887s] Level 1:colcon.colcon_core.environment:checking '/home/hazbiu/ros2_ws/install/carter_v1_navigation' for CMake module files
[0.888s] Level 1:colcon.colcon_core.environment:checking '/home/hazbiu/ros2_ws/install/carter_v1_navigation' for CMake config files
[0.888s] Level 1:colcon.colcon_core.shell:create_environment_hook('carter_v1_navigation', 'cmake_prefix_path')
[0.888s] INFO:colcon.colcon_core.shell:Creating environment hook '/home/hazbiu/ros2_ws/install/carter_v1_navigation/share/carter_v1_navigation/hook/cmake_prefix_path.ps1'
[0.888s] INFO:colcon.colcon_core.shell:Creating environment descriptor '/home/hazbiu/ros2_ws/install/carter_v1_navigation/share/carter_v1_navigation/hook/cmake_prefix_path.dsv'
[0.888s] INFO:colcon.colcon_core.shell:Creating environment hook '/home/hazbiu/ros2_ws/install/carter_v1_navigation/share/carter_v1_navigation/hook/cmake_prefix_path.sh'
[0.889s] Level 1:colcon.colcon_core.environment:checking '/home/hazbiu/ros2_ws/install/carter_v1_navigation/bin'
[0.889s] Level 1:colcon.colcon_core.environment:checking '/home/hazbiu/ros2_ws/install/carter_v1_navigation/lib/pkgconfig/carter_v1_navigation.pc'
[0.889s] Level 1:colcon.colcon_core.environment:checking '/home/hazbiu/ros2_ws/install/carter_v1_navigation/lib/python3.12/site-packages'
[0.889s] Level 1:colcon.colcon_core.environment:checking '/home/hazbiu/ros2_ws/install/carter_v1_navigation/bin'
[0.889s] INFO:colcon.colcon_core.shell:Creating package script '/home/hazbiu/ros2_ws/install/carter_v1_navigation/share/carter_v1_navigation/package.ps1'
[0.890s] INFO:colcon.colcon_core.shell:Creating package descriptor '/home/hazbiu/ros2_ws/install/carter_v1_navigation/share/carter_v1_navigation/package.dsv'
[0.890s] INFO:colcon.colcon_core.shell:Creating package script '/home/hazbiu/ros2_ws/install/carter_v1_navigation/share/carter_v1_navigation/package.sh'
[0.891s] INFO:colcon.colcon_core.shell:Creating package script '/home/hazbiu/ros2_ws/install/carter_v1_navigation/share/carter_v1_navigation/package.bash'
[0.891s] INFO:colcon.colcon_core.shell:Creating package script '/home/hazbiu/ros2_ws/install/carter_v1_navigation/share/carter_v1_navigation/package.zsh'
[0.891s] Level 1:colcon.colcon_core.environment:create_file_with_runtime_dependencies(/home/hazbiu/ros2_ws/install/carter_v1_navigation/share/colcon-core/packages/carter_v1_navigation)
[0.968s] DEBUG:colcon.colcon_core.event_handler.log_command:Invoked command in '/home/hazbiu/ros2_ws/build/iw_hub_navigation' returned '0': CMAKE_PREFIX_PATH=${CMAKE_PREFIX_PATH}:/opt/ros/jazzy DEBUGINFOD_URLS=https://debuginfod.ubuntu.com /usr/bin/cmake /home/hazbiu/ros2_ws/src/IsaacSim-ros_workspaces/jazzy_ws/src/navigation/iw_hub_navigation -DCMAKE_INSTALL_PREFIX=/home/hazbiu/ros2_ws/install/iw_hub_navigation
[0.969s] DEBUG:colcon.colcon_core.event_handler.log_command:Invoking command in '/home/hazbiu/ros2_ws/build/iw_hub_navigation': CMAKE_PREFIX_PATH=${CMAKE_PREFIX_PATH}:/opt/ros/jazzy DEBUGINFOD_URLS=https://debuginfod.ubuntu.com /usr/bin/cmake --build /home/hazbiu/ros2_ws/build/iw_hub_navigation -- -j24 -l24
[0.970s] DEBUG:colcon.colcon_core.event_handler.log_command:Invoked command in '/home/hazbiu/ros2_ws/build/isaac_tutorials' returned '0': CMAKE_PREFIX_PATH=${CMAKE_PREFIX_PATH}:/opt/ros/jazzy DEBUGINFOD_URLS=https://debuginfod.ubuntu.com /usr/bin/cmake /home/hazbiu/ros2_ws/src/IsaacSim-ros_workspaces/jazzy_ws/src/isaac_tutorials -DCMAKE_INSTALL_PREFIX=/home/hazbiu/ros2_ws/install/isaac_tutorials
[0.971s] DEBUG:colcon.colcon_core.event_handler.log_command:Invoking command in '/home/hazbiu/ros2_ws/build/isaac_tutorials': CMAKE_PREFIX_PATH=${CMAKE_PREFIX_PATH}:/opt/ros/jazzy DEBUGINFOD_URLS=https://debuginfod.ubuntu.com /usr/bin/cmake --build /home/hazbiu/ros2_ws/build/isaac_tutorials -- -j24 -l24
[0.972s] DEBUG:colcon.colcon_core.event_handler.log_command:Invoked command in '/home/hazbiu/ros2_ws/build/cmdvel_to_ackermann' returned '0': CMAKE_PREFIX_PATH=${CMAKE_PREFIX_PATH}:/opt/ros/jazzy DEBUGINFOD_URLS=https://debuginfod.ubuntu.com /usr/bin/cmake /home/hazbiu/ros2_ws/src/IsaacSim-ros_workspaces/jazzy_ws/src/ackermann_control/cmdvel_to_ackermann -DCMAKE_INSTALL_PREFIX=/home/hazbiu/ros2_ws/install/cmdvel_to_ackermann
[0.973s] DEBUG:colcon.colcon_core.event_handler.log_command:Invoking command in '/home/hazbiu/ros2_ws/build/cmdvel_to_ackermann': CMAKE_PREFIX_PATH=${CMAKE_PREFIX_PATH}:/opt/ros/jazzy DEBUGINFOD_URLS=https://debuginfod.ubuntu.com /usr/bin/cmake --build /home/hazbiu/ros2_ws/build/cmdvel_to_ackermann -- -j24 -l24
[0.973s] DEBUG:colcon.colcon_core.event_handler.log_command:Invoked command in '/home/hazbiu/ros2_ws/build/kaya_navigation' returned '0': CMAKE_PREFIX_PATH=${CMAKE_PREFIX_PATH}:/opt/ros/jazzy DEBUGINFOD_URLS=https://debuginfod.ubuntu.com /usr/bin/cmake /home/hazbiu/ros2_ws/src/IsaacSim-ros_workspaces/jazzy_ws/src/kaya_navigation -DCMAKE_INSTALL_PREFIX=/home/hazbiu/ros2_ws/install/kaya_navigation
[0.975s] DEBUG:colcon.colcon_core.event_handler.log_command:Invoking command in '/home/hazbiu/ros2_ws/build/kaya_navigation': CMAKE_PREFIX_PATH=${CMAKE_PREFIX_PATH}:/opt/ros/jazzy DEBUGINFOD_URLS=https://debuginfod.ubuntu.com /usr/bin/cmake --build /home/hazbiu/ros2_ws/build/kaya_navigation -- -j24 -l24
[0.983s] DEBUG:colcon.colcon_core.event_handler.log_command:Invoked command in '/home/hazbiu/ros2_ws/build/isaacsim' returned '0': CMAKE_PREFIX_PATH=${CMAKE_PREFIX_PATH}:/opt/ros/jazzy DEBUGINFOD_URLS=https://debuginfod.ubuntu.com /usr/bin/cmake /home/hazbiu/ros2_ws/src/IsaacSim-ros_workspaces/jazzy_ws/src/isaacsim -DCMAKE_INSTALL_PREFIX=/home/hazbiu/ros2_ws/install/isaacsim
[0.983s] DEBUG:colcon.colcon_core.event_handler.log_command:Invoking command in '/home/hazbiu/ros2_ws/build/isaacsim': CMAKE_PREFIX_PATH=${CMAKE_PREFIX_PATH}:/opt/ros/jazzy DEBUGINFOD_URLS=https://debuginfod.ubuntu.com /usr/bin/cmake --build /home/hazbiu/ros2_ws/build/isaacsim -- -j24 -l24
[0.984s] DEBUG:colcon.colcon_core.event_handler.log_command:Invoked command in '/home/hazbiu/ros2_ws/build/h1_fullbody_controller' returned '0': CMAKE_PREFIX_PATH=${CMAKE_PREFIX_PATH}:/opt/ros/jazzy DEBUGINFOD_URLS=https://debuginfod.ubuntu.com /usr/bin/cmake /home/hazbiu/ros2_ws/src/IsaacSim-ros_workspaces/jazzy_ws/src/humanoid_locomotion_policy_example/h1_fullbody_controller -DCMAKE_INSTALL_PREFIX=/home/hazbiu/ros2_ws/install/h1_fullbody_controller
[0.985s] DEBUG:colcon.colcon_core.event_handler.log_command:Invoking command in '/home/hazbiu/ros2_ws/build/h1_fullbody_controller': CMAKE_PREFIX_PATH=${CMAKE_PREFIX_PATH}:/opt/ros/jazzy DEBUGINFOD_URLS=https://debuginfod.ubuntu.com /usr/bin/cmake --build /home/hazbiu/ros2_ws/build/h1_fullbody_controller -- -j24 -l24
[1.002s] DEBUG:colcon.colcon_core.event_handler.log_command:Invoked command in '/home/hazbiu/ros2_ws/build/iw_hub_navigation' returned '0': CMAKE_PREFIX_PATH=${CMAKE_PREFIX_PATH}:/opt/ros/jazzy DEBUGINFOD_URLS=https://debuginfod.ubuntu.com /usr/bin/cmake --build /home/hazbiu/ros2_ws/build/iw_hub_navigation -- -j24 -l24
[1.002s] DEBUG:colcon.colcon_core.event_handler.log_command:Invoking command in '/home/hazbiu/ros2_ws/build/iw_hub_navigation': CMAKE_PREFIX_PATH=${CMAKE_PREFIX_PATH}:/opt/ros/jazzy DEBUGINFOD_URLS=https://debuginfod.ubuntu.com /usr/bin/cmake --install /home/hazbiu/ros2_ws/build/iw_hub_navigation
[1.004s] DEBUG:colcon.colcon_core.event_handler.log_command:Invoked command in '/home/hazbiu/ros2_ws/build/isaac_tutorials' returned '0': CMAKE_PREFIX_PATH=${CMAKE_PREFIX_PATH}:/opt/ros/jazzy DEBUGINFOD_URLS=https://debuginfod.ubuntu.com /usr/bin/cmake --build /home/hazbiu/ros2_ws/build/isaac_tutorials -- -j24 -l24
[1.005s] DEBUG:colcon.colcon_core.event_handler.log_command:Invoking command in '/home/hazbiu/ros2_ws/build/isaac_tutorials': CMAKE_PREFIX_PATH=${CMAKE_PREFIX_PATH}:/opt/ros/jazzy DEBUGINFOD_URLS=https://debuginfod.ubuntu.com /usr/bin/cmake --install /home/hazbiu/ros2_ws/build/isaac_tutorials
[1.006s] DEBUG:colcon.colcon_core.event_handler.log_command:Invoked command in '/home/hazbiu/ros2_ws/build/kaya_navigation' returned '0': CMAKE_PREFIX_PATH=${CMAKE_PREFIX_PATH}:/opt/ros/jazzy DEBUGINFOD_URLS=https://debuginfod.ubuntu.com /usr/bin/cmake --build /home/hazbiu/ros2_ws/build/kaya_navigation -- -j24 -l24
[1.007s] DEBUG:colcon.colcon_core.event_handler.log_command:Invoking command in '/home/hazbiu/ros2_ws/build/kaya_navigation': CMAKE_PREFIX_PATH=${CMAKE_PREFIX_PATH}:/opt/ros/jazzy DEBUGINFOD_URLS=https://debuginfod.ubuntu.com /usr/bin/cmake --install /home/hazbiu/ros2_ws/build/kaya_navigation
[1.008s] DEBUG:colcon.colcon_core.event_handler.log_command:Invoked command in '/home/hazbiu/ros2_ws/build/cmdvel_to_ackermann' returned '0': CMAKE_PREFIX_PATH=${CMAKE_PREFIX_PATH}:/opt/ros/jazzy DEBUGINFOD_URLS=https://debuginfod.ubuntu.com /usr/bin/cmake --build /home/hazbiu/ros2_ws/build/cmdvel_to_ackermann -- -j24 -l24
[1.009s] DEBUG:colcon.colcon_core.event_handler.log_command:Invoking command in '/home/hazbiu/ros2_ws/build/cmdvel_to_ackermann': CMAKE_PREFIX_PATH=${CMAKE_PREFIX_PATH}:/opt/ros/jazzy DEBUGINFOD_URLS=https://debuginfod.ubuntu.com /usr/bin/cmake --install /home/hazbiu/ros2_ws/build/cmdvel_to_ackermann
[1.013s] Level 1:colcon.colcon_core.environment:create_environment_scripts_only(iw_hub_navigation)
[1.013s] Level 1:colcon.colcon_core.environment:checking '/home/hazbiu/ros2_ws/install/iw_hub_navigation' for CMake module files
[1.014s] DEBUG:colcon.colcon_core.event_handler.log_command:Invoked command in '/home/hazbiu/ros2_ws/build/iw_hub_navigation' returned '0': CMAKE_PREFIX_PATH=${CMAKE_PREFIX_PATH}:/opt/ros/jazzy DEBUGINFOD_URLS=https://debuginfod.ubuntu.com /usr/bin/cmake --install /home/hazbiu/ros2_ws/build/iw_hub_navigation
[1.016s] Level 1:colcon.colcon_core.environment:checking '/home/hazbiu/ros2_ws/install/iw_hub_navigation' for CMake config files
[1.018s] Level 1:colcon.colcon_core.shell:create_environment_hook('iw_hub_navigation', 'cmake_prefix_path')
[1.018s] INFO:colcon.colcon_core.shell:Creating environment hook '/home/hazbiu/ros2_ws/install/iw_hub_navigation/share/iw_hub_navigation/hook/cmake_prefix_path.ps1'
[1.020s] INFO:colcon.colcon_core.shell:Creating environment descriptor '/home/hazbiu/ros2_ws/install/iw_hub_navigation/share/iw_hub_navigation/hook/cmake_prefix_path.dsv'
[1.020s] INFO:colcon.colcon_core.shell:Creating environment hook '/home/hazbiu/ros2_ws/install/iw_hub_navigation/share/iw_hub_navigation/hook/cmake_prefix_path.sh'
[1.021s] Level 1:colcon.colcon_core.environment:checking '/home/hazbiu/ros2_ws/install/iw_hub_navigation/bin'
[1.021s] Level 1:colcon.colcon_core.environment:checking '/home/hazbiu/ros2_ws/install/iw_hub_navigation/lib/pkgconfig/iw_hub_navigation.pc'
[1.021s] Level 1:colcon.colcon_core.environment:checking '/home/hazbiu/ros2_ws/install/iw_hub_navigation/lib/python3.12/site-packages'
[1.022s] Level 1:colcon.colcon_core.environment:checking '/home/hazbiu/ros2_ws/install/iw_hub_navigation/bin'
[1.022s] INFO:colcon.colcon_core.shell:Creating package script '/home/hazbiu/ros2_ws/install/iw_hub_navigation/share/iw_hub_navigation/package.ps1'
[1.023s] INFO:colcon.colcon_core.shell:Creating package descriptor '/home/hazbiu/ros2_ws/install/iw_hub_navigation/share/iw_hub_navigation/package.dsv'
[1.023s] INFO:colcon.colcon_core.shell:Creating package script '/home/hazbiu/ros2_ws/install/iw_hub_navigation/share/iw_hub_navigation/package.sh'
[1.024s] INFO:colcon.colcon_core.shell:Creating package script '/home/hazbiu/ros2_ws/install/iw_hub_navigation/share/iw_hub_navigation/package.bash'
[1.024s] INFO:colcon.colcon_core.shell:Creating package script '/home/hazbiu/ros2_ws/install/iw_hub_navigation/share/iw_hub_navigation/package.zsh'
[1.025s] Level 1:colcon.colcon_core.environment:create_file_with_runtime_dependencies(/home/hazbiu/ros2_ws/install/iw_hub_navigation/share/colcon-core/packages/iw_hub_navigation)
[1.025s] Level 1:colcon.colcon_core.environment:create_environment_scripts_only(iw_hub_navigation)
[1.025s] Level 1:colcon.colcon_core.environment:checking '/home/hazbiu/ros2_ws/install/iw_hub_navigation' for CMake module files
[1.026s] Level 1:colcon.colcon_core.environment:checking '/home/hazbiu/ros2_ws/install/iw_hub_navigation' for CMake config files
[1.026s] Level 1:colcon.colcon_core.shell:create_environment_hook('iw_hub_navigation', 'cmake_prefix_path')
[1.026s] INFO:colcon.colcon_core.shell:Creating environment hook '/home/hazbiu/ros2_ws/install/iw_hub_navigation/share/iw_hub_navigation/hook/cmake_prefix_path.ps1'
[1.026s] INFO:colcon.colcon_core.shell:Creating environment descriptor '/home/hazbiu/ros2_ws/install/iw_hub_navigation/share/iw_hub_navigation/hook/cmake_prefix_path.dsv'
[1.026s] INFO:colcon.colcon_core.shell:Creating environment hook '/home/hazbiu/ros2_ws/install/iw_hub_navigation/share/iw_hub_navigation/hook/cmake_prefix_path.sh'
[1.027s] Level 1:colcon.colcon_core.environment:checking '/home/hazbiu/ros2_ws/install/iw_hub_navigation/bin'
[1.027s] Level 1:colcon.colcon_core.environment:checking '/home/hazbiu/ros2_ws/install/iw_hub_navigation/lib/pkgconfig/iw_hub_navigation.pc'
[1.027s] Level 1:colcon.colcon_core.environment:checking '/home/hazbiu/ros2_ws/install/iw_hub_navigation/lib/python3.12/site-packages'
[1.027s] Level 1:colcon.colcon_core.environment:checking '/home/hazbiu/ros2_ws/install/iw_hub_navigation/bin'
[1.027s] INFO:colcon.colcon_core.shell:Creating package script '/home/hazbiu/ros2_ws/install/iw_hub_navigation/share/iw_hub_navigation/package.ps1'
[1.027s] INFO:colcon.colcon_core.shell:Creating package descriptor '/home/hazbiu/ros2_ws/install/iw_hub_navigation/share/iw_hub_navigation/package.dsv'
[1.028s] INFO:colcon.colcon_core.shell:Creating package script '/home/hazbiu/ros2_ws/install/iw_hub_navigation/share/iw_hub_navigation/package.sh'
[1.028s] INFO:colcon.colcon_core.shell:Creating package script '/home/hazbiu/ros2_ws/install/iw_hub_navigation/share/iw_hub_navigation/package.bash'
[1.028s] INFO:colcon.colcon_core.shell:Creating package script '/home/hazbiu/ros2_ws/install/iw_hub_navigation/share/iw_hub_navigation/package.zsh'
[1.028s] Level 1:colcon.colcon_core.environment:create_file_with_runtime_dependencies(/home/hazbiu/ros2_ws/install/iw_hub_navigation/share/colcon-core/packages/iw_hub_navigation)
[1.030s] Level 1:colcon.colcon_core.environment:create_environment_scripts_only(isaac_tutorials)
[1.030s] Level 1:colcon.colcon_core.environment:checking '/home/hazbiu/ros2_ws/install/isaac_tutorials' for CMake module files
[1.030s] DEBUG:colcon.colcon_core.event_handler.log_command:Invoked command in '/home/hazbiu/ros2_ws/build/isaac_tutorials' returned '0': CMAKE_PREFIX_PATH=${CMAKE_PREFIX_PATH}:/opt/ros/jazzy DEBUGINFOD_URLS=https://debuginfod.ubuntu.com /usr/bin/cmake --install /home/hazbiu/ros2_ws/build/isaac_tutorials
[1.030s] Level 1:colcon.colcon_core.environment:checking '/home/hazbiu/ros2_ws/install/isaac_tutorials' for CMake config files
[1.031s] Level 1:colcon.colcon_core.shell:create_environment_hook('isaac_tutorials', 'cmake_prefix_path')
[1.031s] INFO:colcon.colcon_core.shell:Creating environment hook '/home/hazbiu/ros2_ws/install/isaac_tutorials/share/isaac_tutorials/hook/cmake_prefix_path.ps1'
[1.031s] INFO:colcon.colcon_core.shell:Creating environment descriptor '/home/hazbiu/ros2_ws/install/isaac_tutorials/share/isaac_tutorials/hook/cmake_prefix_path.dsv'
[1.031s] INFO:colcon.colcon_core.shell:Creating environment hook '/home/hazbiu/ros2_ws/install/isaac_tutorials/share/isaac_tutorials/hook/cmake_prefix_path.sh'
[1.031s] Level 1:colcon.colcon_core.environment:checking '/home/hazbiu/ros2_ws/install/isaac_tutorials/lib'
[1.031s] Level 1:colcon.colcon_core.environment:checking '/home/hazbiu/ros2_ws/install/isaac_tutorials/bin'
[1.031s] Level 1:colcon.colcon_core.environment:checking '/home/hazbiu/ros2_ws/install/isaac_tutorials/lib/pkgconfig/isaac_tutorials.pc'
[1.032s] Level 1:colcon.colcon_core.environment:checking '/home/hazbiu/ros2_ws/install/isaac_tutorials/lib/python3.12/site-packages'
[1.032s] Level 1:colcon.colcon_core.environment:checking '/home/hazbiu/ros2_ws/install/isaac_tutorials/bin'
[1.032s] INFO:colcon.colcon_core.shell:Creating package script '/home/hazbiu/ros2_ws/install/isaac_tutorials/share/isaac_tutorials/package.ps1'
[1.032s] INFO:colcon.colcon_core.shell:Creating package descriptor '/home/hazbiu/ros2_ws/install/isaac_tutorials/share/isaac_tutorials/package.dsv'
[1.032s] INFO:colcon.colcon_core.shell:Creating package script '/home/hazbiu/ros2_ws/install/isaac_tutorials/share/isaac_tutorials/package.sh'
[1.033s] INFO:colcon.colcon_core.shell:Creating package script '/home/hazbiu/ros2_ws/install/isaac_tutorials/share/isaac_tutorials/package.bash'
[1.033s] INFO:colcon.colcon_core.shell:Creating package script '/home/hazbiu/ros2_ws/install/isaac_tutorials/share/isaac_tutorials/package.zsh'
[1.033s] Level 1:colcon.colcon_core.environment:create_file_with_runtime_dependencies(/home/hazbiu/ros2_ws/install/isaac_tutorials/share/colcon-core/packages/isaac_tutorials)
[1.033s] Level 1:colcon.colcon_core.environment:create_environment_scripts_only(isaac_tutorials)
[1.033s] Level 1:colcon.colcon_core.environment:checking '/home/hazbiu/ros2_ws/install/isaac_tutorials' for CMake module files
[1.034s] Level 1:colcon.colcon_core.environment:checking '/home/hazbiu/ros2_ws/install/isaac_tutorials' for CMake config files
[1.034s] Level 1:colcon.colcon_core.shell:create_environment_hook('isaac_tutorials', 'cmake_prefix_path')
[1.034s] INFO:colcon.colcon_core.shell:Creating environment hook '/home/hazbiu/ros2_ws/install/isaac_tutorials/share/isaac_tutorials/hook/cmake_prefix_path.ps1'
[1.034s] INFO:colcon.colcon_core.shell:Creating environment descriptor '/home/hazbiu/ros2_ws/install/isaac_tutorials/share/isaac_tutorials/hook/cmake_prefix_path.dsv'
[1.034s] INFO:colcon.colcon_core.shell:Creating environment hook '/home/hazbiu/ros2_ws/install/isaac_tutorials/share/isaac_tutorials/hook/cmake_prefix_path.sh'
[1.034s] Level 1:colcon.colcon_core.environment:checking '/home/hazbiu/ros2_ws/install/isaac_tutorials/lib'
[1.035s] Level 1:colcon.colcon_core.environment:checking '/home/hazbiu/ros2_ws/install/isaac_tutorials/bin'
[1.035s] Level 1:colcon.colcon_core.environment:checking '/home/hazbiu/ros2_ws/install/isaac_tutorials/lib/pkgconfig/isaac_tutorials.pc'
[1.035s] Level 1:colcon.colcon_core.environment:checking '/home/hazbiu/ros2_ws/install/isaac_tutorials/lib/python3.12/site-packages'
[1.035s] Level 1:colcon.colcon_core.environment:checking '/home/hazbiu/ros2_ws/install/isaac_tutorials/bin'
[1.035s] INFO:colcon.colcon_core.shell:Creating package script '/home/hazbiu/ros2_ws/install/isaac_tutorials/share/isaac_tutorials/package.ps1'
[1.035s] INFO:colcon.colcon_core.shell:Creating package descriptor '/home/hazbiu/ros2_ws/install/isaac_tutorials/share/isaac_tutorials/package.dsv'
[1.036s] INFO:colcon.colcon_core.shell:Creating package script '/home/hazbiu/ros2_ws/install/isaac_tutorials/share/isaac_tutorials/package.sh'
[1.036s] INFO:colcon.colcon_core.shell:Creating package script '/home/hazbiu/ros2_ws/install/isaac_tutorials/share/isaac_tutorials/package.bash'
[1.037s] INFO:colcon.colcon_core.shell:Creating package script '/home/hazbiu/ros2_ws/install/isaac_tutorials/share/isaac_tutorials/package.zsh'
[1.037s] Level 1:colcon.colcon_core.environment:create_file_with_runtime_dependencies(/home/hazbiu/ros2_ws/install/isaac_tutorials/share/colcon-core/packages/isaac_tutorials)
[1.038s] DEBUG:colcon.colcon_core.event_handler.log_command:Invoked command in '/home/hazbiu/ros2_ws/build/h1_fullbody_controller' returned '0': CMAKE_PREFIX_PATH=${CMAKE_PREFIX_PATH}:/opt/ros/jazzy DEBUGINFOD_URLS=https://debuginfod.ubuntu.com /usr/bin/cmake --build /home/hazbiu/ros2_ws/build/h1_fullbody_controller -- -j24 -l24
[1.038s] DEBUG:colcon.colcon_core.event_handler.log_command:Invoking command in '/home/hazbiu/ros2_ws/build/h1_fullbody_controller': CMAKE_PREFIX_PATH=${CMAKE_PREFIX_PATH}:/opt/ros/jazzy DEBUGINFOD_URLS=https://debuginfod.ubuntu.com /usr/bin/cmake --install /home/hazbiu/ros2_ws/build/h1_fullbody_controller
[1.038s] DEBUG:colcon.colcon_core.event_handler.log_command:Invoked command in '/home/hazbiu/ros2_ws/build/isaacsim' returned '0': CMAKE_PREFIX_PATH=${CMAKE_PREFIX_PATH}:/opt/ros/jazzy DEBUGINFOD_URLS=https://debuginfod.ubuntu.com /usr/bin/cmake --build /home/hazbiu/ros2_ws/build/isaacsim -- -j24 -l24
[1.039s] DEBUG:colcon.colcon_core.event_handler.log_command:Invoking command in '/home/hazbiu/ros2_ws/build/isaacsim': CMAKE_PREFIX_PATH=${CMAKE_PREFIX_PATH}:/opt/ros/jazzy DEBUGINFOD_URLS=https://debuginfod.ubuntu.com /usr/bin/cmake --install /home/hazbiu/ros2_ws/build/isaacsim
[1.039s] Level 1:colcon.colcon_core.environment:create_environment_scripts_only(kaya_navigation)
[1.039s] Level 1:colcon.colcon_core.environment:checking '/home/hazbiu/ros2_ws/install/kaya_navigation' for CMake module files
[1.040s] DEBUG:colcon.colcon_core.event_handler.log_command:Invoked command in '/home/hazbiu/ros2_ws/build/kaya_navigation' returned '0': CMAKE_PREFIX_PATH=${CMAKE_PREFIX_PATH}:/opt/ros/jazzy DEBUGINFOD_URLS=https://debuginfod.ubuntu.com /usr/bin/cmake --install /home/hazbiu/ros2_ws/build/kaya_navigation
[1.040s] Level 1:colcon.colcon_core.environment:checking '/home/hazbiu/ros2_ws/install/kaya_navigation' for CMake config files
[1.040s] Level 1:colcon.colcon_core.shell:create_environment_hook('kaya_navigation', 'cmake_prefix_path')
[1.040s] INFO:colcon.colcon_core.shell:Creating environment hook '/home/hazbiu/ros2_ws/install/kaya_navigation/share/kaya_navigation/hook/cmake_prefix_path.ps1'
[1.040s] INFO:colcon.colcon_core.shell:Creating environment descriptor '/home/hazbiu/ros2_ws/install/kaya_navigation/share/kaya_navigation/hook/cmake_prefix_path.dsv'
[1.041s] INFO:colcon.colcon_core.shell:Creating environment hook '/home/hazbiu/ros2_ws/install/kaya_navigation/share/kaya_navigation/hook/cmake_prefix_path.sh'
[1.041s] Level 1:colcon.colcon_core.environment:checking '/home/hazbiu/ros2_ws/install/kaya_navigation/bin'
[1.041s] Level 1:colcon.colcon_core.environment:checking '/home/hazbiu/ros2_ws/install/kaya_navigation/lib/pkgconfig/kaya_navigation.pc'
[1.041s] Level 1:colcon.colcon_core.environment:checking '/home/hazbiu/ros2_ws/install/kaya_navigation/lib/python3.12/site-packages'
[1.041s] Level 1:colcon.colcon_core.environment:checking '/home/hazbiu/ros2_ws/install/kaya_navigation/bin'
[1.041s] INFO:colcon.colcon_core.shell:Creating package script '/home/hazbiu/ros2_ws/install/kaya_navigation/share/kaya_navigation/package.ps1'
[1.042s] INFO:colcon.colcon_core.shell:Creating package descriptor '/home/hazbiu/ros2_ws/install/kaya_navigation/share/kaya_navigation/package.dsv'
[1.042s] INFO:colcon.colcon_core.shell:Creating package script '/home/hazbiu/ros2_ws/install/kaya_navigation/share/kaya_navigation/package.sh'
[1.042s] INFO:colcon.colcon_core.shell:Creating package script '/home/hazbiu/ros2_ws/install/kaya_navigation/share/kaya_navigation/package.bash'
[1.042s] INFO:colcon.colcon_core.shell:Creating package script '/home/hazbiu/ros2_ws/install/kaya_navigation/share/kaya_navigation/package.zsh'
[1.042s] Level 1:colcon.colcon_core.environment:create_file_with_runtime_dependencies(/home/hazbiu/ros2_ws/install/kaya_navigation/share/colcon-core/packages/kaya_navigation)
[1.042s] Level 1:colcon.colcon_core.environment:create_environment_scripts_only(kaya_navigation)
[1.043s] Level 1:colcon.colcon_core.environment:checking '/home/hazbiu/ros2_ws/install/kaya_navigation' for CMake module files
[1.043s] Level 1:colcon.colcon_core.environment:checking '/home/hazbiu/ros2_ws/install/kaya_navigation' for CMake config files
[1.043s] Level 1:colcon.colcon_core.shell:create_environment_hook('kaya_navigation', 'cmake_prefix_path')
[1.043s] INFO:colcon.colcon_core.shell:Creating environment hook '/home/hazbiu/ros2_ws/install/kaya_navigation/share/kaya_navigation/hook/cmake_prefix_path.ps1'
[1.043s] INFO:colcon.colcon_core.shell:Creating environment descriptor '/home/hazbiu/ros2_ws/install/kaya_navigation/share/kaya_navigation/hook/cmake_prefix_path.dsv'
[1.044s] INFO:colcon.colcon_core.shell:Creating environment hook '/home/hazbiu/ros2_ws/install/kaya_navigation/share/kaya_navigation/hook/cmake_prefix_path.sh'
[1.044s] Level 1:colcon.colcon_core.environment:checking '/home/hazbiu/ros2_ws/install/kaya_navigation/bin'
[1.044s] Level 1:colcon.colcon_core.environment:checking '/home/hazbiu/ros2_ws/install/kaya_navigation/lib/pkgconfig/kaya_navigation.pc'
[1.044s] Level 1:colcon.colcon_core.environment:checking '/home/hazbiu/ros2_ws/install/kaya_navigation/lib/python3.12/site-packages'
[1.044s] Level 1:colcon.colcon_core.environment:checking '/home/hazbiu/ros2_ws/install/kaya_navigation/bin'
[1.045s] INFO:colcon.colcon_core.shell:Creating package script '/home/hazbiu/ros2_ws/install/kaya_navigation/share/kaya_navigation/package.ps1'
[1.045s] INFO:colcon.colcon_core.shell:Creating package descriptor '/home/hazbiu/ros2_ws/install/kaya_navigation/share/kaya_navigation/package.dsv'
[1.045s] INFO:colcon.colcon_core.shell:Creating package script '/home/hazbiu/ros2_ws/install/kaya_navigation/share/kaya_navigation/package.sh'
[1.045s] INFO:colcon.colcon_core.shell:Creating package script '/home/hazbiu/ros2_ws/install/kaya_navigation/share/kaya_navigation/package.bash'
[1.046s] INFO:colcon.colcon_core.shell:Creating package script '/home/hazbiu/ros2_ws/install/kaya_navigation/share/kaya_navigation/package.zsh'
[1.046s] Level 1:colcon.colcon_core.environment:create_file_with_runtime_dependencies(/home/hazbiu/ros2_ws/install/kaya_navigation/share/colcon-core/packages/kaya_navigation)
[1.046s] Level 1:colcon.colcon_core.environment:create_environment_scripts_only(cmdvel_to_ackermann)
[1.046s] Level 1:colcon.colcon_core.environment:checking '/home/hazbiu/ros2_ws/install/cmdvel_to_ackermann' for CMake module files
[1.047s] DEBUG:colcon.colcon_core.event_handler.log_command:Invoked command in '/home/hazbiu/ros2_ws/build/cmdvel_to_ackermann' returned '0': CMAKE_PREFIX_PATH=${CMAKE_PREFIX_PATH}:/opt/ros/jazzy DEBUGINFOD_URLS=https://debuginfod.ubuntu.com /usr/bin/cmake --install /home/hazbiu/ros2_ws/build/cmdvel_to_ackermann
[1.047s] Level 1:colcon.colcon_core.environment:checking '/home/hazbiu/ros2_ws/install/cmdvel_to_ackermann' for CMake config files
[1.047s] Level 1:colcon.colcon_core.shell:create_environment_hook('cmdvel_to_ackermann', 'cmake_prefix_path')
[1.047s] INFO:colcon.colcon_core.shell:Creating environment hook '/home/hazbiu/ros2_ws/install/cmdvel_to_ackermann/share/cmdvel_to_ackermann/hook/cmake_prefix_path.ps1'
[1.047s] INFO:colcon.colcon_core.shell:Creating environment descriptor '/home/hazbiu/ros2_ws/install/cmdvel_to_ackermann/share/cmdvel_to_ackermann/hook/cmake_prefix_path.dsv'
[1.047s] INFO:colcon.colcon_core.shell:Creating environment hook '/home/hazbiu/ros2_ws/install/cmdvel_to_ackermann/share/cmdvel_to_ackermann/hook/cmake_prefix_path.sh'
[1.048s] Level 1:colcon.colcon_core.environment:checking '/home/hazbiu/ros2_ws/install/cmdvel_to_ackermann/lib'
[1.048s] Level 1:colcon.colcon_core.environment:checking '/home/hazbiu/ros2_ws/install/cmdvel_to_ackermann/bin'
[1.048s] Level 1:colcon.colcon_core.environment:checking '/home/hazbiu/ros2_ws/install/cmdvel_to_ackermann/lib/pkgconfig/cmdvel_to_ackermann.pc'
[1.048s] Level 1:colcon.colcon_core.environment:checking '/home/hazbiu/ros2_ws/install/cmdvel_to_ackermann/lib/python3.12/site-packages'
[1.048s] Level 1:colcon.colcon_core.environment:checking '/home/hazbiu/ros2_ws/install/cmdvel_to_ackermann/bin'
[1.048s] INFO:colcon.colcon_core.shell:Creating package script '/home/hazbiu/ros2_ws/install/cmdvel_to_ackermann/share/cmdvel_to_ackermann/package.ps1'
[1.048s] INFO:colcon.colcon_core.shell:Creating package descriptor '/home/hazbiu/ros2_ws/install/cmdvel_to_ackermann/share/cmdvel_to_ackermann/package.dsv'
[1.049s] INFO:colcon.colcon_core.shell:Creating package script '/home/hazbiu/ros2_ws/install/cmdvel_to_ackermann/share/cmdvel_to_ackermann/package.sh'
[1.049s] INFO:colcon.colcon_core.shell:Creating package script '/home/hazbiu/ros2_ws/install/cmdvel_to_ackermann/share/cmdvel_to_ackermann/package.bash'
[1.049s] INFO:colcon.colcon_core.shell:Creating package script '/home/hazbiu/ros2_ws/install/cmdvel_to_ackermann/share/cmdvel_to_ackermann/package.zsh'
[1.049s] Level 1:colcon.colcon_core.environment:create_file_with_runtime_dependencies(/home/hazbiu/ros2_ws/install/cmdvel_to_ackermann/share/colcon-core/packages/cmdvel_to_ackermann)
[1.049s] Level 1:colcon.colcon_core.environment:create_environment_scripts_only(cmdvel_to_ackermann)
[1.049s] Level 1:colcon.colcon_core.environment:checking '/home/hazbiu/ros2_ws/install/cmdvel_to_ackermann' for CMake module files
[1.050s] Level 1:colcon.colcon_core.environment:checking '/home/hazbiu/ros2_ws/install/cmdvel_to_ackermann' for CMake config files
[1.050s] Level 1:colcon.colcon_core.shell:create_environment_hook('cmdvel_to_ackermann', 'cmake_prefix_path')
[1.050s] INFO:colcon.colcon_core.shell:Creating environment hook '/home/hazbiu/ros2_ws/install/cmdvel_to_ackermann/share/cmdvel_to_ackermann/hook/cmake_prefix_path.ps1'
[1.050s] INFO:colcon.colcon_core.shell:Creating environment descriptor '/home/hazbiu/ros2_ws/install/cmdvel_to_ackermann/share/cmdvel_to_ackermann/hook/cmake_prefix_path.dsv'
[1.050s] INFO:colcon.colcon_core.shell:Creating environment hook '/home/hazbiu/ros2_ws/install/cmdvel_to_ackermann/share/cmdvel_to_ackermann/hook/cmake_prefix_path.sh'
[1.050s] Level 1:colcon.colcon_core.environment:checking '/home/hazbiu/ros2_ws/install/cmdvel_to_ackermann/lib'
[1.051s] Level 1:colcon.colcon_core.environment:checking '/home/hazbiu/ros2_ws/install/cmdvel_to_ackermann/bin'
[1.051s] Level 1:colcon.colcon_core.environment:checking '/home/hazbiu/ros2_ws/install/cmdvel_to_ackermann/lib/pkgconfig/cmdvel_to_ackermann.pc'
[1.051s] Level 1:colcon.colcon_core.environment:checking '/home/hazbiu/ros2_ws/install/cmdvel_to_ackermann/lib/python3.12/site-packages'
[1.051s] Level 1:colcon.colcon_core.environment:checking '/home/hazbiu/ros2_ws/install/cmdvel_to_ackermann/bin'
[1.051s] INFO:colcon.colcon_core.shell:Creating package script '/home/hazbiu/ros2_ws/install/cmdvel_to_ackermann/share/cmdvel_to_ackermann/package.ps1'
[1.051s] INFO:colcon.colcon_core.shell:Creating package descriptor '/home/hazbiu/ros2_ws/install/cmdvel_to_ackermann/share/cmdvel_to_ackermann/package.dsv'
[1.051s] INFO:colcon.colcon_core.shell:Creating package script '/home/hazbiu/ros2_ws/install/cmdvel_to_ackermann/share/cmdvel_to_ackermann/package.sh'
[1.052s] INFO:colcon.colcon_core.shell:Creating package script '/home/hazbiu/ros2_ws/install/cmdvel_to_ackermann/share/cmdvel_to_ackermann/package.bash'
[1.052s] INFO:colcon.colcon_core.shell:Creating package script '/home/hazbiu/ros2_ws/install/cmdvel_to_ackermann/share/cmdvel_to_ackermann/package.zsh'
[1.052s] Level 1:colcon.colcon_core.environment:create_file_with_runtime_dependencies(/home/hazbiu/ros2_ws/install/cmdvel_to_ackermann/share/colcon-core/packages/cmdvel_to_ackermann)
[1.054s] Level 1:colcon.colcon_core.environment:create_environment_scripts_only(h1_fullbody_controller)
[1.054s] Level 1:colcon.colcon_core.environment:checking '/home/hazbiu/ros2_ws/install/h1_fullbody_controller' for CMake module files
[1.056s] DEBUG:colcon.colcon_core.event_handler.log_command:Invoked command in '/home/hazbiu/ros2_ws/build/h1_fullbody_controller' returned '0': CMAKE_PREFIX_PATH=${CMAKE_PREFIX_PATH}:/opt/ros/jazzy DEBUGINFOD_URLS=https://debuginfod.ubuntu.com /usr/bin/cmake --install /home/hazbiu/ros2_ws/build/h1_fullbody_controller
[1.057s] Level 1:colcon.colcon_core.environment:checking '/home/hazbiu/ros2_ws/install/h1_fullbody_controller' for CMake config files
[1.057s] Level 1:colcon.colcon_core.shell:create_environment_hook('h1_fullbody_controller', 'cmake_prefix_path')
[1.057s] INFO:colcon.colcon_core.shell:Creating environment hook '/home/hazbiu/ros2_ws/install/h1_fullbody_controller/share/h1_fullbody_controller/hook/cmake_prefix_path.ps1'
[1.057s] INFO:colcon.colcon_core.shell:Creating environment descriptor '/home/hazbiu/ros2_ws/install/h1_fullbody_controller/share/h1_fullbody_controller/hook/cmake_prefix_path.dsv'
[1.058s] INFO:colcon.colcon_core.shell:Creating environment hook '/home/hazbiu/ros2_ws/install/h1_fullbody_controller/share/h1_fullbody_controller/hook/cmake_prefix_path.sh'
[1.058s] Level 1:colcon.colcon_core.environment:checking '/home/hazbiu/ros2_ws/install/h1_fullbody_controller/lib'
[1.058s] Level 1:colcon.colcon_core.environment:checking '/home/hazbiu/ros2_ws/install/h1_fullbody_controller/bin'
[1.058s] Level 1:colcon.colcon_core.environment:checking '/home/hazbiu/ros2_ws/install/h1_fullbody_controller/lib/pkgconfig/h1_fullbody_controller.pc'
[1.058s] Level 1:colcon.colcon_core.environment:checking '/home/hazbiu/ros2_ws/install/h1_fullbody_controller/lib/python3.12/site-packages'
[1.059s] Level 1:colcon.colcon_core.environment:checking '/home/hazbiu/ros2_ws/install/h1_fullbody_controller/bin'
[1.059s] INFO:colcon.colcon_core.shell:Creating package script '/home/hazbiu/ros2_ws/install/h1_fullbody_controller/share/h1_fullbody_controller/package.ps1'
[1.059s] INFO:colcon.colcon_core.shell:Creating package descriptor '/home/hazbiu/ros2_ws/install/h1_fullbody_controller/share/h1_fullbody_controller/package.dsv'
[1.059s] INFO:colcon.colcon_core.shell:Creating package script '/home/hazbiu/ros2_ws/install/h1_fullbody_controller/share/h1_fullbody_controller/package.sh'
[1.059s] INFO:colcon.colcon_core.shell:Creating package script '/home/hazbiu/ros2_ws/install/h1_fullbody_controller/share/h1_fullbody_controller/package.bash'
[1.060s] INFO:colcon.colcon_core.shell:Creating package script '/home/hazbiu/ros2_ws/install/h1_fullbody_controller/share/h1_fullbody_controller/package.zsh'
[1.060s] Level 1:colcon.colcon_core.environment:create_file_with_runtime_dependencies(/home/hazbiu/ros2_ws/install/h1_fullbody_controller/share/colcon-core/packages/h1_fullbody_controller)
[1.060s] Level 1:colcon.colcon_core.environment:create_environment_scripts_only(h1_fullbody_controller)
[1.060s] Level 1:colcon.colcon_core.environment:checking '/home/hazbiu/ros2_ws/install/h1_fullbody_controller' for CMake module files
[1.060s] Level 1:colcon.colcon_core.environment:checking '/home/hazbiu/ros2_ws/install/h1_fullbody_controller' for CMake config files
[1.060s] Level 1:colcon.colcon_core.shell:create_environment_hook('h1_fullbody_controller', 'cmake_prefix_path')
[1.060s] INFO:colcon.colcon_core.shell:Creating environment hook '/home/hazbiu/ros2_ws/install/h1_fullbody_controller/share/h1_fullbody_controller/hook/cmake_prefix_path.ps1'
[1.061s] INFO:colcon.colcon_core.shell:Creating environment descriptor '/home/hazbiu/ros2_ws/install/h1_fullbody_controller/share/h1_fullbody_controller/hook/cmake_prefix_path.dsv'
[1.061s] INFO:colcon.colcon_core.shell:Creating environment hook '/home/hazbiu/ros2_ws/install/h1_fullbody_controller/share/h1_fullbody_controller/hook/cmake_prefix_path.sh'
[1.061s] Level 1:colcon.colcon_core.environment:checking '/home/hazbiu/ros2_ws/install/h1_fullbody_controller/lib'
[1.061s] Level 1:colcon.colcon_core.environment:checking '/home/hazbiu/ros2_ws/install/h1_fullbody_controller/bin'
[1.061s] Level 1:colcon.colcon_core.environment:checking '/home/hazbiu/ros2_ws/install/h1_fullbody_controller/lib/pkgconfig/h1_fullbody_controller.pc'
[1.061s] Level 1:colcon.colcon_core.environment:checking '/home/hazbiu/ros2_ws/install/h1_fullbody_controller/lib/python3.12/site-packages'
[1.061s] Level 1:colcon.colcon_core.environment:checking '/home/hazbiu/ros2_ws/install/h1_fullbody_controller/bin'
[1.062s] INFO:colcon.colcon_core.shell:Creating package script '/home/hazbiu/ros2_ws/install/h1_fullbody_controller/share/h1_fullbody_controller/package.ps1'
[1.062s] INFO:colcon.colcon_core.shell:Creating package descriptor '/home/hazbiu/ros2_ws/install/h1_fullbody_controller/share/h1_fullbody_controller/package.dsv'
[1.062s] INFO:colcon.colcon_core.shell:Creating package script '/home/hazbiu/ros2_ws/install/h1_fullbody_controller/share/h1_fullbody_controller/package.sh'
[1.062s] INFO:colcon.colcon_core.shell:Creating package script '/home/hazbiu/ros2_ws/install/h1_fullbody_controller/share/h1_fullbody_controller/package.bash'
[1.062s] INFO:colcon.colcon_core.shell:Creating package script '/home/hazbiu/ros2_ws/install/h1_fullbody_controller/share/h1_fullbody_controller/package.zsh'
[1.063s] Level 1:colcon.colcon_core.environment:create_file_with_runtime_dependencies(/home/hazbiu/ros2_ws/install/h1_fullbody_controller/share/colcon-core/packages/h1_fullbody_controller)
[1.063s] Level 1:colcon.colcon_core.environment:create_environment_scripts_only(isaacsim)
[1.063s] Level 1:colcon.colcon_core.environment:checking '/home/hazbiu/ros2_ws/install/isaacsim' for CMake module files
[1.064s] DEBUG:colcon.colcon_core.event_handler.log_command:Invoked command in '/home/hazbiu/ros2_ws/build/isaacsim' returned '0': CMAKE_PREFIX_PATH=${CMAKE_PREFIX_PATH}:/opt/ros/jazzy DEBUGINFOD_URLS=https://debuginfod.ubuntu.com /usr/bin/cmake --install /home/hazbiu/ros2_ws/build/isaacsim
[1.064s] Level 1:colcon.colcon_core.environment:checking '/home/hazbiu/ros2_ws/install/isaacsim' for CMake config files
[1.064s] Level 1:colcon.colcon_core.shell:create_environment_hook('isaacsim', 'cmake_prefix_path')
[1.064s] INFO:colcon.colcon_core.shell:Creating environment hook '/home/hazbiu/ros2_ws/install/isaacsim/share/isaacsim/hook/cmake_prefix_path.ps1'
[1.064s] INFO:colcon.colcon_core.shell:Creating environment descriptor '/home/hazbiu/ros2_ws/install/isaacsim/share/isaacsim/hook/cmake_prefix_path.dsv'
[1.065s] INFO:colcon.colcon_core.shell:Creating environment hook '/home/hazbiu/ros2_ws/install/isaacsim/share/isaacsim/hook/cmake_prefix_path.sh'
[1.065s] Level 1:colcon.colcon_core.environment:checking '/home/hazbiu/ros2_ws/install/isaacsim/lib'
[1.065s] Level 1:colcon.colcon_core.environment:checking '/home/hazbiu/ros2_ws/install/isaacsim/bin'
[1.065s] Level 1:colcon.colcon_core.environment:checking '/home/hazbiu/ros2_ws/install/isaacsim/lib/pkgconfig/isaacsim.pc'
[1.065s] Level 1:colcon.colcon_core.environment:checking '/home/hazbiu/ros2_ws/install/isaacsim/lib/python3.12/site-packages'
[1.065s] Level 1:colcon.colcon_core.environment:checking '/home/hazbiu/ros2_ws/install/isaacsim/bin'
[1.066s] INFO:colcon.colcon_core.shell:Creating package script '/home/hazbiu/ros2_ws/install/isaacsim/share/isaacsim/package.ps1'
[1.066s] INFO:colcon.colcon_core.shell:Creating package descriptor '/home/hazbiu/ros2_ws/install/isaacsim/share/isaacsim/package.dsv'
[1.066s] INFO:colcon.colcon_core.shell:Creating package script '/home/hazbiu/ros2_ws/install/isaacsim/share/isaacsim/package.sh'
[1.066s] INFO:colcon.colcon_core.shell:Creating package script '/home/hazbiu/ros2_ws/install/isaacsim/share/isaacsim/package.bash'
[1.066s] INFO:colcon.colcon_core.shell:Creating package script '/home/hazbiu/ros2_ws/install/isaacsim/share/isaacsim/package.zsh'
[1.067s] Level 1:colcon.colcon_core.environment:create_file_with_runtime_dependencies(/home/hazbiu/ros2_ws/install/isaacsim/share/colcon-core/packages/isaacsim)
[1.067s] Level 1:colcon.colcon_core.environment:create_environment_scripts_only(isaacsim)
[1.067s] Level 1:colcon.colcon_core.environment:checking '/home/hazbiu/ros2_ws/install/isaacsim' for CMake module files
[1.067s] Level 1:colcon.colcon_core.environment:checking '/home/hazbiu/ros2_ws/install/isaacsim' for CMake config files
[1.067s] Level 1:colcon.colcon_core.shell:create_environment_hook('isaacsim', 'cmake_prefix_path')
[1.067s] INFO:colcon.colcon_core.shell:Creating environment hook '/home/hazbiu/ros2_ws/install/isaacsim/share/isaacsim/hook/cmake_prefix_path.ps1'
[1.068s] INFO:colcon.colcon_core.shell:Creating environment descriptor '/home/hazbiu/ros2_ws/install/isaacsim/share/isaacsim/hook/cmake_prefix_path.dsv'
[1.068s] INFO:colcon.colcon_core.shell:Creating environment hook '/home/hazbiu/ros2_ws/install/isaacsim/share/isaacsim/hook/cmake_prefix_path.sh'
[1.068s] Level 1:colcon.colcon_core.environment:checking '/home/hazbiu/ros2_ws/install/isaacsim/lib'
[1.068s] Level 1:colcon.colcon_core.environment:checking '/home/hazbiu/ros2_ws/install/isaacsim/bin'
[1.068s] Level 1:colcon.colcon_core.environment:checking '/home/hazbiu/ros2_ws/install/isaacsim/lib/pkgconfig/isaacsim.pc'
[1.068s] Level 1:colcon.colcon_core.environment:checking '/home/hazbiu/ros2_ws/install/isaacsim/lib/python3.12/site-packages'
[1.068s] Level 1:colcon.colcon_core.environment:checking '/home/hazbiu/ros2_ws/install/isaacsim/bin'
[1.068s] INFO:colcon.colcon_core.shell:Creating package script '/home/hazbiu/ros2_ws/install/isaacsim/share/isaacsim/package.ps1'
[1.069s] INFO:colcon.colcon_core.shell:Creating package descriptor '/home/hazbiu/ros2_ws/install/isaacsim/share/isaacsim/package.dsv'
[1.069s] INFO:colcon.colcon_core.shell:Creating package script '/home/hazbiu/ros2_ws/install/isaacsim/share/isaacsim/package.sh'
[1.069s] INFO:colcon.colcon_core.shell:Creating package script '/home/hazbiu/ros2_ws/install/isaacsim/share/isaacsim/package.bash'
[1.069s] INFO:colcon.colcon_core.shell:Creating package script '/home/hazbiu/ros2_ws/install/isaacsim/share/isaacsim/package.zsh'
[1.069s] Level 1:colcon.colcon_core.environment:create_file_with_runtime_dependencies(/home/hazbiu/ros2_ws/install/isaacsim/share/colcon-core/packages/isaacsim)
[1.132s] Level 1:colcon.colcon_core.environment:checking '/home/hazbiu/ros2_ws/install/isaac_ros_navigation_goal' for CMake module files
[1.133s] DEBUG:colcon.colcon_core.event_handler.log_command:Invoked command in '/home/hazbiu/ros2_ws/src/IsaacSim-ros_workspaces/jazzy_ws/src/navigation/isaac_ros_navigation_goal' returned '0': DEBUGINFOD_URLS=https://debuginfod.ubuntu.com PYTHONPATH=/home/hazbiu/ros2_ws/build/isaac_ros_navigation_goal/prefix_override:/usr/lib/python3/dist-packages/colcon_core/task/python/colcon_distutils_commands:/home/hazbiu/ros2_ws/install/isaac_ros_navigation_goal/lib/python3.12/site-packages:${PYTHONPATH} /usr/bin/python3 -W ignore:setup.py install is deprecated -W ignore:easy_install command is deprecated setup.py egg_info --egg-base ../../../../../../build/isaac_ros_navigation_goal build --build-base /home/hazbiu/ros2_ws/build/isaac_ros_navigation_goal/build install --record /home/hazbiu/ros2_ws/build/isaac_ros_navigation_goal/install.log --single-version-externally-managed install_data
[1.133s] Level 1:colcon.colcon_core.environment:checking '/home/hazbiu/ros2_ws/install/isaac_ros_navigation_goal' for CMake config files
[1.133s] Level 1:colcon.colcon_core.environment:checking '/home/hazbiu/ros2_ws/install/isaac_ros_navigation_goal/lib'
[1.133s] Level 1:colcon.colcon_core.environment:checking '/home/hazbiu/ros2_ws/install/isaac_ros_navigation_goal/bin'
[1.134s] Level 1:colcon.colcon_core.environment:checking '/home/hazbiu/ros2_ws/install/isaac_ros_navigation_goal/lib/pkgconfig/isaac_ros_navigation_goal.pc'
[1.134s] Level 1:colcon.colcon_core.environment:checking '/home/hazbiu/ros2_ws/install/isaac_ros_navigation_goal/lib/python3.12/site-packages'
[1.134s] Level 1:colcon.colcon_core.shell:create_environment_hook('isaac_ros_navigation_goal', 'pythonpath')
[1.134s] INFO:colcon.colcon_core.shell:Creating environment hook '/home/hazbiu/ros2_ws/install/isaac_ros_navigation_goal/share/isaac_ros_navigation_goal/hook/pythonpath.ps1'
[1.134s] INFO:colcon.colcon_core.shell:Creating environment descriptor '/home/hazbiu/ros2_ws/install/isaac_ros_navigation_goal/share/isaac_ros_navigation_goal/hook/pythonpath.dsv'
[1.134s] INFO:colcon.colcon_core.shell:Creating environment hook '/home/hazbiu/ros2_ws/install/isaac_ros_navigation_goal/share/isaac_ros_navigation_goal/hook/pythonpath.sh'
[1.135s] Level 1:colcon.colcon_core.environment:checking '/home/hazbiu/ros2_ws/install/isaac_ros_navigation_goal/bin'
[1.135s] Level 1:colcon.colcon_core.environment:create_environment_scripts_only(isaac_ros_navigation_goal)
[1.135s] INFO:colcon.colcon_core.shell:Creating package script '/home/hazbiu/ros2_ws/install/isaac_ros_navigation_goal/share/isaac_ros_navigation_goal/package.ps1'
[1.135s] INFO:colcon.colcon_core.shell:Creating package descriptor '/home/hazbiu/ros2_ws/install/isaac_ros_navigation_goal/share/isaac_ros_navigation_goal/package.dsv'
[1.135s] INFO:colcon.colcon_core.shell:Creating package script '/home/hazbiu/ros2_ws/install/isaac_ros_navigation_goal/share/isaac_ros_navigation_goal/package.sh'
[1.135s] INFO:colcon.colcon_core.shell:Creating package script '/home/hazbiu/ros2_ws/install/isaac_ros_navigation_goal/share/isaac_ros_navigation_goal/package.bash'
[1.136s] INFO:colcon.colcon_core.shell:Creating package script '/home/hazbiu/ros2_ws/install/isaac_ros_navigation_goal/share/isaac_ros_navigation_goal/package.zsh'
[1.136s] Level 1:colcon.colcon_core.environment:create_file_with_runtime_dependencies(/home/hazbiu/ros2_ws/install/isaac_ros_navigation_goal/share/colcon-core/packages/isaac_ros_navigation_goal)
[2.525s] DEBUG:colcon.colcon_core.event_handler.log_command:Invoked command in '/home/hazbiu/ros2_ws/build/custom_message' returned '0': CMAKE_PREFIX_PATH=${CMAKE_PREFIX_PATH}:/opt/ros/jazzy DEBUGINFOD_URLS=https://debuginfod.ubuntu.com /usr/bin/cmake /home/hazbiu/ros2_ws/src/IsaacSim-ros_workspaces/jazzy_ws/src/custom_message -DCMAKE_INSTALL_PREFIX=/home/hazbiu/ros2_ws/install/custom_message
[2.525s] DEBUG:colcon.colcon_core.event_handler.log_command:Invoking command in '/home/hazbiu/ros2_ws/build/custom_message': CMAKE_PREFIX_PATH=${CMAKE_PREFIX_PATH}:/opt/ros/jazzy DEBUGINFOD_URLS=https://debuginfod.ubuntu.com /usr/bin/cmake --build /home/hazbiu/ros2_ws/build/custom_message -- -j24 -l24
[2.731s] DEBUG:colcon.colcon_core.event_handler.log_command:Invoked command in '/home/hazbiu/ros2_ws/build/isaac_ros2_messages' returned '0': CMAKE_PREFIX_PATH=${CMAKE_PREFIX_PATH}:/opt/ros/jazzy DEBUGINFOD_URLS=https://debuginfod.ubuntu.com /usr/bin/cmake /home/hazbiu/ros2_ws/src/IsaacSim-ros_workspaces/jazzy_ws/src/isaac_ros2_messages -DCMAKE_INSTALL_PREFIX=/home/hazbiu/ros2_ws/install/isaac_ros2_messages
[2.732s] DEBUG:colcon.colcon_core.event_handler.log_command:Invoking command in '/home/hazbiu/ros2_ws/build/isaac_ros2_messages': CMAKE_PREFIX_PATH=${CMAKE_PREFIX_PATH}:/opt/ros/jazzy DEBUGINFOD_URLS=https://debuginfod.ubuntu.com /usr/bin/cmake --build /home/hazbiu/ros2_ws/build/isaac_ros2_messages -- -j24 -l24
[3.859s] DEBUG:colcon.colcon_core.event_handler.log_command:Invoked command in '/home/hazbiu/ros2_ws/build/custom_message' returned '0': CMAKE_PREFIX_PATH=${CMAKE_PREFIX_PATH}:/opt/ros/jazzy DEBUGINFOD_URLS=https://debuginfod.ubuntu.com /usr/bin/cmake --build /home/hazbiu/ros2_ws/build/custom_message -- -j24 -l24
[3.860s] DEBUG:colcon.colcon_core.event_handler.log_command:Invoking command in '/home/hazbiu/ros2_ws/build/custom_message': CMAKE_PREFIX_PATH=${CMAKE_PREFIX_PATH}:/opt/ros/jazzy DEBUGINFOD_URLS=https://debuginfod.ubuntu.com /usr/bin/cmake --install /home/hazbiu/ros2_ws/build/custom_message
[3.914s] Level 1:colcon.colcon_core.environment:create_environment_scripts_only(custom_message)
[3.914s] Level 1:colcon.colcon_core.environment:checking '/home/hazbiu/ros2_ws/install/custom_message' for CMake module files
[3.914s] DEBUG:colcon.colcon_core.event_handler.log_command:Invoked command in '/home/hazbiu/ros2_ws/build/custom_message' returned '0': CMAKE_PREFIX_PATH=${CMAKE_PREFIX_PATH}:/opt/ros/jazzy DEBUGINFOD_URLS=https://debuginfod.ubuntu.com /usr/bin/cmake --install /home/hazbiu/ros2_ws/build/custom_message
[3.915s] Level 1:colcon.colcon_core.environment:checking '/home/hazbiu/ros2_ws/install/custom_message' for CMake config files
[3.915s] Level 1:colcon.colcon_core.shell:create_environment_hook('custom_message', 'cmake_prefix_path')
[3.915s] INFO:colcon.colcon_core.shell:Creating environment hook '/home/hazbiu/ros2_ws/install/custom_message/share/custom_message/hook/cmake_prefix_path.ps1'
[3.915s] INFO:colcon.colcon_core.shell:Creating environment descriptor '/home/hazbiu/ros2_ws/install/custom_message/share/custom_message/hook/cmake_prefix_path.dsv'
[3.915s] INFO:colcon.colcon_core.shell:Creating environment hook '/home/hazbiu/ros2_ws/install/custom_message/share/custom_message/hook/cmake_prefix_path.sh'
[3.916s] Level 1:colcon.colcon_core.environment:checking '/home/hazbiu/ros2_ws/install/custom_message/lib'
[3.916s] Level 1:colcon.colcon_core.shell:create_environment_hook('custom_message', 'ld_library_path_lib')
[3.916s] INFO:colcon.colcon_core.shell:Creating environment hook '/home/hazbiu/ros2_ws/install/custom_message/share/custom_message/hook/ld_library_path_lib.ps1'
[3.916s] INFO:colcon.colcon_core.shell:Creating environment descriptor '/home/hazbiu/ros2_ws/install/custom_message/share/custom_message/hook/ld_library_path_lib.dsv'
[3.916s] INFO:colcon.colcon_core.shell:Creating environment hook '/home/hazbiu/ros2_ws/install/custom_message/share/custom_message/hook/ld_library_path_lib.sh'
[3.916s] Level 1:colcon.colcon_core.environment:checking '/home/hazbiu/ros2_ws/install/custom_message/bin'
[3.917s] Level 1:colcon.colcon_core.environment:checking '/home/hazbiu/ros2_ws/install/custom_message/lib/pkgconfig/custom_message.pc'
[3.917s] Level 1:colcon.colcon_core.environment:checking '/home/hazbiu/ros2_ws/install/custom_message/lib/python3.12/site-packages'
[3.917s] Level 1:colcon.colcon_core.shell:create_environment_hook('custom_message', 'pythonpath')
[3.917s] INFO:colcon.colcon_core.shell:Creating environment hook '/home/hazbiu/ros2_ws/install/custom_message/share/custom_message/hook/pythonpath.ps1'
[3.917s] INFO:colcon.colcon_core.shell:Creating environment descriptor '/home/hazbiu/ros2_ws/install/custom_message/share/custom_message/hook/pythonpath.dsv'
[3.917s] INFO:colcon.colcon_core.shell:Creating environment hook '/home/hazbiu/ros2_ws/install/custom_message/share/custom_message/hook/pythonpath.sh'
[3.918s] Level 1:colcon.colcon_core.environment:checking '/home/hazbiu/ros2_ws/install/custom_message/bin'
[3.918s] INFO:colcon.colcon_core.shell:Creating package script '/home/hazbiu/ros2_ws/install/custom_message/share/custom_message/package.ps1'
[3.918s] INFO:colcon.colcon_core.shell:Creating package descriptor '/home/hazbiu/ros2_ws/install/custom_message/share/custom_message/package.dsv'
[3.918s] INFO:colcon.colcon_core.shell:Creating package script '/home/hazbiu/ros2_ws/install/custom_message/share/custom_message/package.sh'
[3.918s] INFO:colcon.colcon_core.shell:Creating package script '/home/hazbiu/ros2_ws/install/custom_message/share/custom_message/package.bash'
[3.919s] INFO:colcon.colcon_core.shell:Creating package script '/home/hazbiu/ros2_ws/install/custom_message/share/custom_message/package.zsh'
[3.919s] Level 1:colcon.colcon_core.environment:create_file_with_runtime_dependencies(/home/hazbiu/ros2_ws/install/custom_message/share/colcon-core/packages/custom_message)
[3.919s] Level 1:colcon.colcon_core.environment:create_environment_scripts_only(custom_message)
[3.919s] Level 1:colcon.colcon_core.environment:checking '/home/hazbiu/ros2_ws/install/custom_message' for CMake module files
[3.920s] Level 1:colcon.colcon_core.environment:checking '/home/hazbiu/ros2_ws/install/custom_message' for CMake config files
[3.920s] Level 1:colcon.colcon_core.shell:create_environment_hook('custom_message', 'cmake_prefix_path')
[3.920s] INFO:colcon.colcon_core.shell:Creating environment hook '/home/hazbiu/ros2_ws/install/custom_message/share/custom_message/hook/cmake_prefix_path.ps1'
[3.920s] INFO:colcon.colcon_core.shell:Creating environment descriptor '/home/hazbiu/ros2_ws/install/custom_message/share/custom_message/hook/cmake_prefix_path.dsv'
[3.920s] INFO:colcon.colcon_core.shell:Creating environment hook '/home/hazbiu/ros2_ws/install/custom_message/share/custom_message/hook/cmake_prefix_path.sh'
[3.921s] Level 1:colcon.colcon_core.environment:checking '/home/hazbiu/ros2_ws/install/custom_message/lib'
[3.921s] Level 1:colcon.colcon_core.shell:create_environment_hook('custom_message', 'ld_library_path_lib')
[3.921s] INFO:colcon.colcon_core.shell:Creating environment hook '/home/hazbiu/ros2_ws/install/custom_message/share/custom_message/hook/ld_library_path_lib.ps1'
[3.921s] INFO:colcon.colcon_core.shell:Creating environment descriptor '/home/hazbiu/ros2_ws/install/custom_message/share/custom_message/hook/ld_library_path_lib.dsv'
[3.921s] INFO:colcon.colcon_core.shell:Creating environment hook '/home/hazbiu/ros2_ws/install/custom_message/share/custom_message/hook/ld_library_path_lib.sh'
[3.921s] Level 1:colcon.colcon_core.environment:checking '/home/hazbiu/ros2_ws/install/custom_message/bin'
[3.921s] Level 1:colcon.colcon_core.environment:checking '/home/hazbiu/ros2_ws/install/custom_message/lib/pkgconfig/custom_message.pc'
[3.922s] Level 1:colcon.colcon_core.environment:checking '/home/hazbiu/ros2_ws/install/custom_message/lib/python3.12/site-packages'
[3.922s] Level 1:colcon.colcon_core.shell:create_environment_hook('custom_message', 'pythonpath')
[3.922s] INFO:colcon.colcon_core.shell:Creating environment hook '/home/hazbiu/ros2_ws/install/custom_message/share/custom_message/hook/pythonpath.ps1'
[3.922s] INFO:colcon.colcon_core.shell:Creating environment descriptor '/home/hazbiu/ros2_ws/install/custom_message/share/custom_message/hook/pythonpath.dsv'
[3.922s] INFO:colcon.colcon_core.shell:Creating environment hook '/home/hazbiu/ros2_ws/install/custom_message/share/custom_message/hook/pythonpath.sh'
[3.923s] Level 1:colcon.colcon_core.environment:checking '/home/hazbiu/ros2_ws/install/custom_message/bin'
[3.923s] INFO:colcon.colcon_core.shell:Creating package script '/home/hazbiu/ros2_ws/install/custom_message/share/custom_message/package.ps1'
[3.923s] INFO:colcon.colcon_core.shell:Creating package descriptor '/home/hazbiu/ros2_ws/install/custom_message/share/custom_message/package.dsv'
[3.923s] INFO:colcon.colcon_core.shell:Creating package script '/home/hazbiu/ros2_ws/install/custom_message/share/custom_message/package.sh'
[3.924s] INFO:colcon.colcon_core.shell:Creating package script '/home/hazbiu/ros2_ws/install/custom_message/share/custom_message/package.bash'
[3.924s] INFO:colcon.colcon_core.shell:Creating package script '/home/hazbiu/ros2_ws/install/custom_message/share/custom_message/package.zsh'
[3.924s] Level 1:colcon.colcon_core.environment:create_file_with_runtime_dependencies(/home/hazbiu/ros2_ws/install/custom_message/share/colcon-core/packages/custom_message)
[5.995s] DEBUG:colcon.colcon_core.event_handler.log_command:Invoked command in '/home/hazbiu/ros2_ws/build/isaac_ros2_messages' returned '0': CMAKE_PREFIX_PATH=${CMAKE_PREFIX_PATH}:/opt/ros/jazzy DEBUGINFOD_URLS=https://debuginfod.ubuntu.com /usr/bin/cmake --build /home/hazbiu/ros2_ws/build/isaac_ros2_messages -- -j24 -l24
[5.996s] DEBUG:colcon.colcon_core.event_handler.log_command:Invoking command in '/home/hazbiu/ros2_ws/build/isaac_ros2_messages': CMAKE_PREFIX_PATH=${CMAKE_PREFIX_PATH}:/opt/ros/jazzy DEBUGINFOD_URLS=https://debuginfod.ubuntu.com /usr/bin/cmake --install /home/hazbiu/ros2_ws/build/isaac_ros2_messages
[6.061s] Level 1:colcon.colcon_core.environment:create_environment_scripts_only(isaac_ros2_messages)
[6.062s] Level 1:colcon.colcon_core.environment:checking '/home/hazbiu/ros2_ws/install/isaac_ros2_messages' for CMake module files
[6.062s] DEBUG:colcon.colcon_core.event_handler.log_command:Invoked command in '/home/hazbiu/ros2_ws/build/isaac_ros2_messages' returned '0': CMAKE_PREFIX_PATH=${CMAKE_PREFIX_PATH}:/opt/ros/jazzy DEBUGINFOD_URLS=https://debuginfod.ubuntu.com /usr/bin/cmake --install /home/hazbiu/ros2_ws/build/isaac_ros2_messages
[6.062s] Level 1:colcon.colcon_core.environment:checking '/home/hazbiu/ros2_ws/install/isaac_ros2_messages' for CMake config files
[6.062s] Level 1:colcon.colcon_core.shell:create_environment_hook('isaac_ros2_messages', 'cmake_prefix_path')
[6.063s] INFO:colcon.colcon_core.shell:Creating environment hook '/home/hazbiu/ros2_ws/install/isaac_ros2_messages/share/isaac_ros2_messages/hook/cmake_prefix_path.ps1'
[6.063s] INFO:colcon.colcon_core.shell:Creating environment descriptor '/home/hazbiu/ros2_ws/install/isaac_ros2_messages/share/isaac_ros2_messages/hook/cmake_prefix_path.dsv'
[6.063s] INFO:colcon.colcon_core.shell:Creating environment hook '/home/hazbiu/ros2_ws/install/isaac_ros2_messages/share/isaac_ros2_messages/hook/cmake_prefix_path.sh'
[6.063s] Level 1:colcon.colcon_core.environment:checking '/home/hazbiu/ros2_ws/install/isaac_ros2_messages/lib'
[6.063s] Level 1:colcon.colcon_core.shell:create_environment_hook('isaac_ros2_messages', 'ld_library_path_lib')
[6.063s] INFO:colcon.colcon_core.shell:Creating environment hook '/home/hazbiu/ros2_ws/install/isaac_ros2_messages/share/isaac_ros2_messages/hook/ld_library_path_lib.ps1'
[6.064s] INFO:colcon.colcon_core.shell:Creating environment descriptor '/home/hazbiu/ros2_ws/install/isaac_ros2_messages/share/isaac_ros2_messages/hook/ld_library_path_lib.dsv'
[6.064s] INFO:colcon.colcon_core.shell:Creating environment hook '/home/hazbiu/ros2_ws/install/isaac_ros2_messages/share/isaac_ros2_messages/hook/ld_library_path_lib.sh'
[6.064s] Level 1:colcon.colcon_core.environment:checking '/home/hazbiu/ros2_ws/install/isaac_ros2_messages/bin'
[6.064s] Level 1:colcon.colcon_core.environment:checking '/home/hazbiu/ros2_ws/install/isaac_ros2_messages/lib/pkgconfig/isaac_ros2_messages.pc'
[6.064s] Level 1:colcon.colcon_core.environment:checking '/home/hazbiu/ros2_ws/install/isaac_ros2_messages/lib/python3.12/site-packages'
[6.064s] Level 1:colcon.colcon_core.shell:create_environment_hook('isaac_ros2_messages', 'pythonpath')
[6.064s] INFO:colcon.colcon_core.shell:Creating environment hook '/home/hazbiu/ros2_ws/install/isaac_ros2_messages/share/isaac_ros2_messages/hook/pythonpath.ps1'
[6.065s] INFO:colcon.colcon_core.shell:Creating environment descriptor '/home/hazbiu/ros2_ws/install/isaac_ros2_messages/share/isaac_ros2_messages/hook/pythonpath.dsv'
[6.065s] INFO:colcon.colcon_core.shell:Creating environment hook '/home/hazbiu/ros2_ws/install/isaac_ros2_messages/share/isaac_ros2_messages/hook/pythonpath.sh'
[6.065s] Level 1:colcon.colcon_core.environment:checking '/home/hazbiu/ros2_ws/install/isaac_ros2_messages/bin'
[6.065s] INFO:colcon.colcon_core.shell:Creating package script '/home/hazbiu/ros2_ws/install/isaac_ros2_messages/share/isaac_ros2_messages/package.ps1'
[6.065s] INFO:colcon.colcon_core.shell:Creating package descriptor '/home/hazbiu/ros2_ws/install/isaac_ros2_messages/share/isaac_ros2_messages/package.dsv'
[6.066s] INFO:colcon.colcon_core.shell:Creating package script '/home/hazbiu/ros2_ws/install/isaac_ros2_messages/share/isaac_ros2_messages/package.sh'
[6.066s] INFO:colcon.colcon_core.shell:Creating package script '/home/hazbiu/ros2_ws/install/isaac_ros2_messages/share/isaac_ros2_messages/package.bash'
[6.066s] INFO:colcon.colcon_core.shell:Creating package script '/home/hazbiu/ros2_ws/install/isaac_ros2_messages/share/isaac_ros2_messages/package.zsh'
[6.066s] Level 1:colcon.colcon_core.environment:create_file_with_runtime_dependencies(/home/hazbiu/ros2_ws/install/isaac_ros2_messages/share/colcon-core/packages/isaac_ros2_messages)
[6.067s] Level 1:colcon.colcon_core.environment:create_environment_scripts_only(isaac_ros2_messages)
[6.067s] Level 1:colcon.colcon_core.environment:checking '/home/hazbiu/ros2_ws/install/isaac_ros2_messages' for CMake module files
[6.067s] Level 1:colcon.colcon_core.environment:checking '/home/hazbiu/ros2_ws/install/isaac_ros2_messages' for CMake config files
[6.067s] Level 1:colcon.colcon_core.shell:create_environment_hook('isaac_ros2_messages', 'cmake_prefix_path')
[6.067s] INFO:colcon.colcon_core.shell:Creating environment hook '/home/hazbiu/ros2_ws/install/isaac_ros2_messages/share/isaac_ros2_messages/hook/cmake_prefix_path.ps1'
[6.068s] INFO:colcon.colcon_core.shell:Creating environment descriptor '/home/hazbiu/ros2_ws/install/isaac_ros2_messages/share/isaac_ros2_messages/hook/cmake_prefix_path.dsv'
[6.068s] INFO:colcon.colcon_core.shell:Creating environment hook '/home/hazbiu/ros2_ws/install/isaac_ros2_messages/share/isaac_ros2_messages/hook/cmake_prefix_path.sh'
[6.068s] Level 1:colcon.colcon_core.environment:checking '/home/hazbiu/ros2_ws/install/isaac_ros2_messages/lib'
[6.068s] Level 1:colcon.colcon_core.shell:create_environment_hook('isaac_ros2_messages', 'ld_library_path_lib')
[6.068s] INFO:colcon.colcon_core.shell:Creating environment hook '/home/hazbiu/ros2_ws/install/isaac_ros2_messages/share/isaac_ros2_messages/hook/ld_library_path_lib.ps1'
[6.068s] INFO:colcon.colcon_core.shell:Creating environment descriptor '/home/hazbiu/ros2_ws/install/isaac_ros2_messages/share/isaac_ros2_messages/hook/ld_library_path_lib.dsv'
[6.069s] INFO:colcon.colcon_core.shell:Creating environment hook '/home/hazbiu/ros2_ws/install/isaac_ros2_messages/share/isaac_ros2_messages/hook/ld_library_path_lib.sh'
[6.069s] Level 1:colcon.colcon_core.environment:checking '/home/hazbiu/ros2_ws/install/isaac_ros2_messages/bin'
[6.069s] Level 1:colcon.colcon_core.environment:checking '/home/hazbiu/ros2_ws/install/isaac_ros2_messages/lib/pkgconfig/isaac_ros2_messages.pc'
[6.069s] Level 1:colcon.colcon_core.environment:checking '/home/hazbiu/ros2_ws/install/isaac_ros2_messages/lib/python3.12/site-packages'
[6.069s] Level 1:colcon.colcon_core.shell:create_environment_hook('isaac_ros2_messages', 'pythonpath')
[6.070s] INFO:colcon.colcon_core.shell:Creating environment hook '/home/hazbiu/ros2_ws/install/isaac_ros2_messages/share/isaac_ros2_messages/hook/pythonpath.ps1'
[6.070s] INFO:colcon.colcon_core.shell:Creating environment descriptor '/home/hazbiu/ros2_ws/install/isaac_ros2_messages/share/isaac_ros2_messages/hook/pythonpath.dsv'
[6.070s] INFO:colcon.colcon_core.shell:Creating environment hook '/home/hazbiu/ros2_ws/install/isaac_ros2_messages/share/isaac_ros2_messages/hook/pythonpath.sh'
[6.070s] Level 1:colcon.colcon_core.environment:checking '/home/hazbiu/ros2_ws/install/isaac_ros2_messages/bin'
[6.070s] INFO:colcon.colcon_core.shell:Creating package script '/home/hazbiu/ros2_ws/install/isaac_ros2_messages/share/isaac_ros2_messages/package.ps1'
[6.071s] INFO:colcon.colcon_core.shell:Creating package descriptor '/home/hazbiu/ros2_ws/install/isaac_ros2_messages/share/isaac_ros2_messages/package.dsv'
[6.071s] INFO:colcon.colcon_core.shell:Creating package script '/home/hazbiu/ros2_ws/install/isaac_ros2_messages/share/isaac_ros2_messages/package.sh'
[6.071s] INFO:colcon.colcon_core.shell:Creating package script '/home/hazbiu/ros2_ws/install/isaac_ros2_messages/share/isaac_ros2_messages/package.bash'
[6.071s] INFO:colcon.colcon_core.shell:Creating package script '/home/hazbiu/ros2_ws/install/isaac_ros2_messages/share/isaac_ros2_messages/package.zsh'
[6.072s] Level 1:colcon.colcon_core.environment:create_file_with_runtime_dependencies(/home/hazbiu/ros2_ws/install/isaac_ros2_messages/share/colcon-core/packages/isaac_ros2_messages)
[6.072s] DEBUG:colcon.colcon_parallel_executor.executor.parallel:closing loop
[6.072s] DEBUG:colcon.colcon_parallel_executor.executor.parallel:loop closed
[6.072s] DEBUG:colcon.colcon_parallel_executor.executor.parallel:run_until_complete finished with '0'
[6.072s] DEBUG:colcon.colcon_core.event_reactor:joining thread
[6.077s] INFO:colcon.colcon_core.plugin_system:Skipping extension 'colcon_notification.desktop_notification.terminal_notifier': Not used on non-Darwin systems
[6.077s] INFO:colcon.colcon_core.plugin_system:Skipping extension 'colcon_notification.desktop_notification.win32': Not used on non-Windows systems
[6.077s] INFO:colcon.colcon_notification.desktop_notification:Sending desktop notification using 'notify2'
[6.084s] DEBUG:colcon.colcon_core.event_reactor:joined thread
[6.084s] INFO:colcon.colcon_core.shell:Creating prefix script '/home/hazbiu/ros2_ws/install/local_setup.ps1'
[6.085s] INFO:colcon.colcon_core.shell:Creating prefix util module '/home/hazbiu/ros2_ws/install/_local_setup_util_ps1.py'
[6.085s] INFO:colcon.colcon_core.shell:Creating prefix chain script '/home/hazbiu/ros2_ws/install/setup.ps1'
[6.086s] INFO:colcon.colcon_core.shell:Creating prefix script '/home/hazbiu/ros2_ws/install/local_setup.sh'
[6.086s] INFO:colcon.colcon_core.shell:Creating prefix util module '/home/hazbiu/ros2_ws/install/_local_setup_util_sh.py'
[6.086s] INFO:colcon.colcon_core.shell:Creating prefix chain script '/home/hazbiu/ros2_ws/install/setup.sh'
[6.087s] INFO:colcon.colcon_core.shell:Creating prefix script '/home/hazbiu/ros2_ws/install/local_setup.bash'
[6.087s] INFO:colcon.colcon_core.shell:Creating prefix chain script '/home/hazbiu/ros2_ws/install/setup.bash'
[6.087s] INFO:colcon.colcon_core.shell:Creating prefix script '/home/hazbiu/ros2_ws/install/local_setup.zsh'
[6.088s] INFO:colcon.colcon_core.shell:Creating prefix chain script '/home/hazbiu/ros2_ws/install/setup.zsh'
