#usda 1.0
(
    customLayerData = {
        dictionary cameraSettings = {
            dictionary Front = {
                double3 position = (5, 0, 0)
                double radius = 5
            }
            dictionary Perspective = {
                double3 position = (3.1672948900697793, 0.31852325243367097, 0.37779721658195037)
                double3 target = (2.955623200700806, 0.08326370312612363, 0.2644330546043906)
            }
            dictionary Right = {
                double3 position = (0, -5, 0)
                double radius = 5
            }
            dictionary Top = {
                double3 position = (0, 0, 5)
                double radius = 5
            }
            string boundCamera = "/OmniverseKit_Persp"
        }
        dictionary metricsAssembler = {
            dictionary "/World/Graffic_Office_Suite_3" = {
            }
            dictionary "/World/Mountable_Wall_Organizer" = {
            }
            int version = 1
        }
        dictionary omni_layer = {
            string authoring_layer = "./movement_working.usd"
            dictionary locked = {
            }
            dictionary muteness = {
            }
        }
        dictionary renderSettings = {
        }
    }
    defaultPrim = "World"
    endTimeCode = 1000000
    metersPerUnit = 1
    startTimeCode = 0
    timeCodesPerSecond = 60
    upAxis = "Z"
)

def Xform "World"
{
    def "kaya" (
        prepend payload = @https://omniverse-content-production.s3-us-west-2.amazonaws.com/Assets/Isaac/5.1/Isaac/Robots/NVIDIA/Kaya/kaya.usd@
    )
    {
        string isaac:namespace (
            displayName = "Namespace"
            doc = "Namespace of the prim in Isaac Sim"
        )
        quatf xformOp:orient = (6.123234e-17, 0, 0, 1)
        float3 xformOp:scale = (1, 1, 1)
        double3 xformOp:translate = (1.8026494200674497, -1.229702840710084, -0.6646139222047076)
        uniform token[] xformOpOrder = ["xformOp:translate", "xformOp:orient", "xformOp:scale"]

        over "base_link"
        {
            string isaac:nameOverride (
                displayName = "Name Override"
                doc = "Name override for prim lookup in base name search"
            )

            over "visuals"
            {
                over "Kaya_Body_Collapsed"
                {
                    float3 xformOp:rotateXYZ = (0, 0, -90)
                    float3 xformOp:scale = (1, 1, 1)
                    double3 xformOp:translate = (-0.013767212512095695, 0.0020367713846482977, -3.814697180359872e-8)
                    uniform token[] xformOpOrder = ["xformOp:translate", "xformOp:rotateXYZ", "xformOp:scale"]
                }
            }

            def Xform "camera_mount"
            {
                quatd xformOp:orient = (1, 0, 0, 0)
                double3 xformOp:scale = (1, 1, 1)
                double3 xformOp:translate = (0, 0, 0)
                uniform token[] xformOpOrder = ["xformOp:translate", "xformOp:orient", "xformOp:scale"]

                def Camera "Camera"
                {
                    token cameraProjectionType = "pinhole" (
                        allowedTokens = ["pinhole", "pinholeOpenCV", "fisheyePolynomial", "fisheyeSpherical", "fisheyeKannalaBrandtK3", "fisheyeOpenCV", "fisheyeRadTanThinPrism", "omniDirectionalStereo", "generalizedProjection"]
                    )
                    float2 clippingRange = (0.01, 10000000)
                    float focalLength = 18.147562
                    float focusDistance = 400
                    custom uniform vector3d omni:kit:centerOfInterest = (0, 0, -2039.2951347501528)
                    quatd xformOp:orient = (0.6830127018922194, 0.6830127018922193, -0.18301270189221916, -0.18301270189221946)
                    double3 xformOp:scale = (1, 1, 1)
                    double3 xformOp:translate = (-920.9529261131055, -1361.1253792071288, -1221.2226595844188)
                    uniform token[] xformOpOrder = ["xformOp:translate", "xformOp:orient", "xformOp:scale"]
                }
            }

            over "axle_0_joint"
            {
                float drive:angular:physics:targetVelocity = 30
                custom string isaac:nameOverride (
                    displayName = "Name Override"
                    doc = "Name override for prim lookup in base name search"
                )
            }

            over "axle_1_joint"
            {
                float drive:angular:physics:targetVelocity = 30
                custom string isaac:nameOverride (
                    displayName = "Name Override"
                    doc = "Name override for prim lookup in base name search"
                )
            }

            over "axle_2_joint"
            {
                float drive:angular:physics:targetVelocity = 30
                custom string isaac:nameOverride (
                    displayName = "Name Override"
                    doc = "Name override for prim lookup in base name search"
                )
            }

            def Xform "lidar_layer" (
                prepend references = @https://omniverse-content-production.s3-us-west-2.amazonaws.com/Assets/Isaac/5.1/Isaac/Sensors/Slamtec/RPLIDAR_S2E/Slamtec_RPLIDAR_S2E.usd@
                variants = {
                    string ROS = "Disabled"
                }
            )
            {
                quatd xformOp:orient = (1, 0, 0, 0)
                double3 xformOp:scale = (1, 1, 1)
                double3 xformOp:translate = (0, 0, 0.2)
                uniform token[] xformOpOrder = ["xformOp:translate", "xformOp:orient", "xformOp:scale"]

                over "RPLidar_S2E"
                {
                    bool omni:sensor:Core:skipDroppingInvalidPoints = 1
                }
            }
        }

        over "axle_0"
        {
            string isaac:nameOverride (
                displayName = "Name Override"
                doc = "Name override for prim lookup in base name search"
            )
        }

        over "roller_0_0_0"
        {
        }

        over "roller_0_0_1"
        {
        }

        over "roller_0_0_2"
        {
        }

        over "roller_0_0_3"
        {
        }

        over "roller_0_0_4"
        {
        }

        over "roller_0_1_0"
        {
        }

        over "roller_0_1_1"
        {
        }

        over "roller_0_1_2"
        {
        }

        over "roller_0_1_3"
        {
        }

        over "roller_0_1_4"
        {
        }

        over "axle_1"
        {
            over "visuals"
            {
                over "Kaya_WheelAssembly"
                {
                    over "MX_12W_Drive_Wheel_ASM__1__1"
                    {
                        over "Kaya_Wheel_Hub_Inside_1__1"
                        {
                            over "Kaya_Wheel_Hub_Inside"
                            {
                                double3 xformOp:rotateZYX = (0, 0, 0)
                                double3 xformOp:scale = (0.009999999776482582, 0.009999999776482582, 0.009999999776482582)
                                double3 xformOp:translate = (0, 0, 0)
                                uniform token[] xformOpOrder = ["xformOp:translate", "xformOp:rotateZYX", "xformOp:scale"]
                            }
                        }

                        over "__25in_Omni_Wheel__1__1"
                        {
                            over "_17_4775_001_Rev5_1__1"
                            {
                                over "_17_4775_001_Rev5"
                                {
                                    double3 xformOp:rotateZYX = (0, 0, 0)
                                    double3 xformOp:scale = (0.009999999776482582, 0.009999999776482582, 0.009999999776482582)
                                    double3 xformOp:translate = (0, 0, 0)
                                    uniform token[] xformOpOrder = ["xformOp:translate", "xformOp:rotateZYX", "xformOp:scale"]
                                }
                            }

                            over "_17_4775_003_Rev5_1__1"
                            {
                                over "_17_4775_003_Rev5"
                                {
                                    double3 xformOp:rotateZYX = (0, 0, 0)
                                    double3 xformOp:scale = (0.009999999776482582, 0.009999999776482582, 0.009999999776482582)
                                    double3 xformOp:translate = (0, 0, 0)
                                    uniform token[] xformOpOrder = ["xformOp:translate", "xformOp:rotateZYX", "xformOp:scale"]
                                }
                            }

                            over "_17_4775_003_Rev5_2__1"
                            {
                                over "_17_4775_003_Rev5_2"
                                {
                                    double3 xformOp:rotateZYX = (0, 0, 0)
                                    double3 xformOp:scale = (0.009999999776482582, 0.009999999776482582, 0.009999999776482582)
                                    double3 xformOp:translate = (0, 0, 0)
                                    uniform token[] xformOpOrder = ["xformOp:translate", "xformOp:rotateZYX", "xformOp:scale"]
                                }
                            }

                            over "_17_4775_004_Rev1_Smooth_1__1"
                            {
                                over "_17_4775_004_Rev1_Smooth"
                                {
                                    double3 xformOp:rotateZYX = (0, 0, 0)
                                    double3 xformOp:scale = (0.009999999776482582, 0.009999999776482582, 0.009999999776482582)
                                    double3 xformOp:translate = (0, 0, 0)
                                    uniform token[] xformOpOrder = ["xformOp:translate", "xformOp:rotateZYX", "xformOp:scale"]
                                }
                            }

                            over "_17_4775_004_Rev1_Smooth_3__1"
                            {
                                over "_17_4775_004_Rev1_Smooth_4"
                                {
                                    double3 xformOp:rotateZYX = (0, 0, 0)
                                    double3 xformOp:scale = (0.009999999776482582, 0.009999999776482582, 0.009999999776482582)
                                    double3 xformOp:translate = (0, 0, 0)
                                    uniform token[] xformOpOrder = ["xformOp:translate", "xformOp:rotateZYX", "xformOp:scale"]
                                }
                            }

                            over "_17_4775_004_Rev1_Smooth_7__1"
                            {
                                over "_17_4775_004_Rev1_Smooth_9"
                                {
                                    double3 xformOp:rotateZYX = (0, 0, 0)
                                    double3 xformOp:scale = (0.009999999776482582, 0.009999999776482582, 0.009999999776482582)
                                    double3 xformOp:translate = (0, 0, 0)
                                    uniform token[] xformOpOrder = ["xformOp:translate", "xformOp:rotateZYX", "xformOp:scale"]
                                }
                            }

                            over "_17_4775_004_Rev1_Smooth_8__1"
                            {
                                over "_17_4775_004_Rev1_Smooth_10"
                                {
                                    double3 xformOp:rotateZYX = (0, 0, 0)
                                    double3 xformOp:scale = (0.009999999776482582, 0.009999999776482582, 0.009999999776482582)
                                    double3 xformOp:translate = (0, 0, 0)
                                    uniform token[] xformOpOrder = ["xformOp:translate", "xformOp:rotateZYX", "xformOp:scale"]
                                }
                            }

                            over "_17_2584_007_Rev1_90116A020_1__1"
                            {
                                over "_17_2584_007_Rev1_90116A020"
                                {
                                    double3 xformOp:rotateZYX = (0, 0, 0)
                                    double3 xformOp:scale = (0.009999999776482582, 0.009999999776482582, 0.009999999776482582)
                                    double3 xformOp:translate = (0, 0, 0)
                                    uniform token[] xformOpOrder = ["xformOp:translate", "xformOp:rotateZYX", "xformOp:scale"]
                                }
                            }

                            over "_17_2584_007_Rev1_90116A020_3__1"
                            {
                                over "_17_2584_007_Rev1_90116A020_3"
                                {
                                    double3 xformOp:rotateZYX = (0, 0, 0)
                                    double3 xformOp:scale = (0.009999999776482582, 0.009999999776482582, 0.009999999776482582)
                                    double3 xformOp:translate = (0, 0, 0)
                                    uniform token[] xformOpOrder = ["xformOp:translate", "xformOp:rotateZYX", "xformOp:scale"]
                                }
                            }

                            over "_17_2584_007_Rev1_90116A020_4__1"
                            {
                                over "_17_2584_007_Rev1_90116A020_4"
                                {
                                    double3 xformOp:rotateZYX = (0, 0, 0)
                                    double3 xformOp:scale = (0.009999999776482582, 0.009999999776482582, 0.009999999776482582)
                                    double3 xformOp:translate = (0, 0, 0)
                                    uniform token[] xformOpOrder = ["xformOp:translate", "xformOp:rotateZYX", "xformOp:scale"]
                                }
                            }

                            over "_17_2584_007_Rev1_90116A020_5__1"
                            {
                                over "_17_2584_007_Rev1_90116A020_5"
                                {
                                    double3 xformOp:rotateZYX = (0, 0, 0)
                                    double3 xformOp:scale = (0.009999999776482582, 0.009999999776482582, 0.009999999776482582)
                                    double3 xformOp:translate = (0, 0, 0)
                                    uniform token[] xformOpOrder = ["xformOp:translate", "xformOp:rotateZYX", "xformOp:scale"]
                                }
                            }

                            over "_17_2584_007_Rev1_90116A020_6__1"
                            {
                                over "_17_2584_007_Rev1_90116A020_6"
                                {
                                    double3 xformOp:rotateZYX = (0, 0, 0)
                                    double3 xformOp:scale = (0.009999999776482582, 0.009999999776482582, 0.009999999776482582)
                                    double3 xformOp:translate = (0, 0, 0)
                                    uniform token[] xformOpOrder = ["xformOp:translate", "xformOp:rotateZYX", "xformOp:scale"]
                                }
                            }

                            over "_17_2584_007_Rev1_90116A020_8__1"
                            {
                                over "_17_2584_007_Rev1_90116A020_8"
                                {
                                    double3 xformOp:rotateZYX = (0, 0, 0)
                                    double3 xformOp:scale = (0.009999999776482582, 0.009999999776482582, 0.009999999776482582)
                                    double3 xformOp:translate = (0, 0, 0)
                                    uniform token[] xformOpOrder = ["xformOp:translate", "xformOp:rotateZYX", "xformOp:scale"]
                                }
                            }

                            over "_17_2584_007_Rev1_90116A020_9__1"
                            {
                                over "_17_2584_007_Rev1_90116A020_10"
                                {
                                    double3 xformOp:rotateZYX = (0, 0, 0)
                                    double3 xformOp:scale = (0.009999999776482582, 0.009999999776482582, 0.009999999776482582)
                                    double3 xformOp:translate = (0, 0, 0)
                                    uniform token[] xformOpOrder = ["xformOp:translate", "xformOp:rotateZYX", "xformOp:scale"]
                                }
                            }

                            over "_17_2584_009_Rev1_10__1"
                            {
                                over "_17_2584_009_Rev1_15"
                                {
                                    double3 xformOp:rotateZYX = (0, 0, 0)
                                    double3 xformOp:scale = (0.009999999776482582, 0.009999999776482582, 0.009999999776482582)
                                    double3 xformOp:translate = (0, 0, 0)
                                    uniform token[] xformOpOrder = ["xformOp:translate", "xformOp:rotateZYX", "xformOp:scale"]
                                }
                            }

                            over "_17_2584_009_Rev1_11__1"
                            {
                                over "_17_2584_009_Rev1_16"
                                {
                                    double3 xformOp:rotateZYX = (0, 0, 0)
                                    double3 xformOp:scale = (0.009999999776482582, 0.009999999776482582, 0.009999999776482582)
                                    double3 xformOp:translate = (0, 0, 0)
                                    uniform token[] xformOpOrder = ["xformOp:translate", "xformOp:rotateZYX", "xformOp:scale"]
                                }
                            }

                            over "_17_2584_009_Rev1_12__2"
                            {
                                over "_17_2584_009_Rev1_19"
                                {
                                    double3 xformOp:rotateZYX = (0, 0, 0)
                                    double3 xformOp:scale = (0.009999999776482582, 0.009999999776482582, 0.009999999776482582)
                                    double3 xformOp:translate = (0, 0, 0)
                                    uniform token[] xformOpOrder = ["xformOp:translate", "xformOp:rotateZYX", "xformOp:scale"]
                                }
                            }

                            over "_17_2584_009_Rev1_13__1"
                            {
                                over "_17_2584_009_Rev1_20"
                                {
                                    double3 xformOp:rotateZYX = (0, 0, 0)
                                    double3 xformOp:scale = (0.009999999776482582, 0.009999999776482582, 0.009999999776482582)
                                    double3 xformOp:translate = (0, 0, 0)
                                    uniform token[] xformOpOrder = ["xformOp:translate", "xformOp:rotateZYX", "xformOp:scale"]
                                }
                            }

                            over "_17_2584_009_Rev1_1__2"
                            {
                                over "_17_2584_009_Rev1_2"
                                {
                                    double3 xformOp:rotateZYX = (0, 0, 0)
                                    double3 xformOp:scale = (0.009999999776482582, 0.009999999776482582, 0.009999999776482582)
                                    double3 xformOp:translate = (0, 0, 0)
                                    uniform token[] xformOpOrder = ["xformOp:translate", "xformOp:rotateZYX", "xformOp:scale"]
                                }
                            }

                            over "_17_2584_009_Rev1_3__2"
                            {
                                over "_17_2584_009_Rev1_6"
                                {
                                    double3 xformOp:rotateZYX = (0, 0, 0)
                                    double3 xformOp:scale = (0.009999999776482582, 0.009999999776482582, 0.009999999776482582)
                                    double3 xformOp:translate = (0, 0, 0)
                                    uniform token[] xformOpOrder = ["xformOp:translate", "xformOp:rotateZYX", "xformOp:scale"]
                                }
                            }

                            over "_17_2584_009_Rev1_5__1"
                            {
                                over "_17_2584_009_Rev1_8"
                                {
                                    double3 xformOp:rotateZYX = (0, 0, 0)
                                    double3 xformOp:scale = (0.009999999776482582, 0.009999999776482582, 0.009999999776482582)
                                    double3 xformOp:translate = (0, 0, 0)
                                    uniform token[] xformOpOrder = ["xformOp:translate", "xformOp:rotateZYX", "xformOp:scale"]
                                }
                            }

                            over "_17_2584_009_Rev1_5__2"
                            {
                                over "_17_2584_009_Rev1_9"
                                {
                                    double3 xformOp:rotateZYX = (0, 0, 0)
                                    double3 xformOp:scale = (0.009999999776482582, 0.009999999776482582, 0.009999999776482582)
                                    double3 xformOp:translate = (0, 0, 0)
                                    uniform token[] xformOpOrder = ["xformOp:translate", "xformOp:rotateZYX", "xformOp:scale"]
                                }
                            }

                            over "_17_2584_009_Rev1_7__1"
                            {
                                over "_17_2584_009_Rev1_11"
                                {
                                    double3 xformOp:rotateZYX = (0, 0, 0)
                                    double3 xformOp:scale = (0.009999999776482582, 0.009999999776482582, 0.009999999776482582)
                                    double3 xformOp:translate = (0, 0, 0)
                                    uniform token[] xformOpOrder = ["xformOp:translate", "xformOp:rotateZYX", "xformOp:scale"]
                                }
                            }

                            over "_17_2584_009_Rev1_8__1"
                            {
                                over "_17_2584_009_Rev1_13"
                                {
                                    double3 xformOp:rotateZYX = (0, 0, 0)
                                    double3 xformOp:scale = (0.009999999776482582, 0.009999999776482582, 0.009999999776482582)
                                    double3 xformOp:translate = (0, 0, 0)
                                    uniform token[] xformOpOrder = ["xformOp:translate", "xformOp:rotateZYX", "xformOp:scale"]
                                }
                            }

                            over "_17_4775_004_Rev1_Smooth_2__1"
                            {
                                over "_17_4775_004_Rev1_Smooth_2"
                                {
                                    double3 xformOp:rotateZYX = (0, 0, 0)
                                    double3 xformOp:scale = (0.009999999776482582, 0.009999999776482582, 0.009999999776482582)
                                    double3 xformOp:translate = (0, 0, 0)
                                    uniform token[] xformOpOrder = ["xformOp:translate", "xformOp:rotateZYX", "xformOp:scale"]
                                }
                            }

                            over "_17_4775_004_Rev1_Smooth_2__2"
                            {
                                over "_17_4775_004_Rev1_Smooth_3"
                                {
                                    double3 xformOp:rotateZYX = (0, 0, 0)
                                    double3 xformOp:scale = (0.009999999776482582, 0.009999999776482582, 0.009999999776482582)
                                    double3 xformOp:translate = (0, 0, 0)
                                    uniform token[] xformOpOrder = ["xformOp:translate", "xformOp:rotateZYX", "xformOp:scale"]
                                }
                            }

                            over "_17_4775_004_Rev1_Smooth_3__2"
                            {
                                over "_17_4775_004_Rev1_Smooth_5"
                                {
                                    double3 xformOp:rotateZYX = (0, 0, 0)
                                    double3 xformOp:scale = (0.009999999776482582, 0.009999999776482582, 0.009999999776482582)
                                    double3 xformOp:translate = (0, 0, 0)
                                    uniform token[] xformOpOrder = ["xformOp:translate", "xformOp:rotateZYX", "xformOp:scale"]
                                }
                            }

                            over "_17_4775_004_Rev1_Smooth_4__1"
                            {
                                over "_17_4775_004_Rev1_Smooth_6"
                                {
                                    double3 xformOp:rotateZYX = (0, 0, 0)
                                    double3 xformOp:scale = (0.009999999776482582, 0.009999999776482582, 0.009999999776482582)
                                    double3 xformOp:translate = (0, 0, 0)
                                    uniform token[] xformOpOrder = ["xformOp:translate", "xformOp:rotateZYX", "xformOp:scale"]
                                }
                            }

                            over "_17_4775_004_Rev1_Smooth_5__1"
                            {
                                over "_17_4775_004_Rev1_Smooth_7"
                                {
                                    double3 xformOp:rotateZYX = (0, 0, 0)
                                    double3 xformOp:scale = (0.009999999776482582, 0.009999999776482582, 0.009999999776482582)
                                    double3 xformOp:translate = (0, 0, 0)
                                    uniform token[] xformOpOrder = ["xformOp:translate", "xformOp:rotateZYX", "xformOp:scale"]
                                }
                            }

                            over "_17_4775_004_Rev1_Smooth_6__1"
                            {
                                over "_17_4775_004_Rev1_Smooth_8"
                                {
                                    double3 xformOp:rotateZYX = (0, 0, 0)
                                    double3 xformOp:scale = (0.009999999776482582, 0.009999999776482582, 0.009999999776482582)
                                    double3 xformOp:translate = (0, 0, 0)
                                    uniform token[] xformOpOrder = ["xformOp:translate", "xformOp:rotateZYX", "xformOp:scale"]
                                }
                            }

                            over "_17_4775_005_Rev1_2__1"
                            {
                                over "_17_4775_005_Rev1_2"
                                {
                                    double3 xformOp:rotateZYX = (0, 0, 0)
                                    double3 xformOp:scale = (0.009999999776482582, 0.009999999776482582, 0.009999999776482582)
                                    double3 xformOp:translate = (0, 0, 0)
                                    uniform token[] xformOpOrder = ["xformOp:translate", "xformOp:rotateZYX", "xformOp:scale"]
                                }
                            }

                            over "_17_4775_005_Rev1_3__1"
                            {
                                over "_17_4775_005_Rev1_3"
                                {
                                    double3 xformOp:rotateZYX = (0, 0, 0)
                                    double3 xformOp:scale = (0.009999999776482582, 0.009999999776482582, 0.009999999776482582)
                                    double3 xformOp:translate = (0, 0, 0)
                                    uniform token[] xformOpOrder = ["xformOp:translate", "xformOp:rotateZYX", "xformOp:scale"]
                                }
                            }

                            over "_17_4775_005_Rev1_3__4"
                            {
                                over "_17_4775_005_Rev1_6"
                                {
                                    double3 xformOp:rotateZYX = (0, 0, 0)
                                    double3 xformOp:scale = (0.009999999776482582, 0.009999999776482582, 0.009999999776482582)
                                    double3 xformOp:translate = (0, 0, 0)
                                    uniform token[] xformOpOrder = ["xformOp:translate", "xformOp:rotateZYX", "xformOp:scale"]
                                }
                            }

                            over "_17_4775_005_Rev1_4__1"
                            {
                                over "_17_4775_005_Rev1_7"
                                {
                                    double3 xformOp:rotateZYX = (0, 0, 0)
                                    double3 xformOp:scale = (0.009999999776482582, 0.009999999776482582, 0.009999999776482582)
                                    double3 xformOp:translate = (0, 0, 0)
                                    uniform token[] xformOpOrder = ["xformOp:translate", "xformOp:rotateZYX", "xformOp:scale"]
                                }
                            }

                            over "_17_4775_005_Rev1_5__1"
                            {
                                over "_17_4775_005_Rev1_8"
                                {
                                    double3 xformOp:rotateZYX = (0, 0, 0)
                                    double3 xformOp:scale = (0.009999999776482582, 0.009999999776482582, 0.009999999776482582)
                                    double3 xformOp:translate = (0, 0, 0)
                                    uniform token[] xformOpOrder = ["xformOp:translate", "xformOp:rotateZYX", "xformOp:scale"]
                                }
                            }

                            over "_17_4775_005_Rev1_6__1"
                            {
                                over "_17_4775_005_Rev1_9"
                                {
                                    double3 xformOp:rotateZYX = (0, 0, 0)
                                    double3 xformOp:scale = (0.009999999776482582, 0.009999999776482582, 0.009999999776482582)
                                    double3 xformOp:translate = (0, 0, 0)
                                    uniform token[] xformOpOrder = ["xformOp:translate", "xformOp:rotateZYX", "xformOp:scale"]
                                }
                            }

                            over "_17_4775_007_Rev1_1__1"
                            {
                                over "_17_4775_007_Rev1"
                                {
                                    double3 xformOp:rotateZYX = (0, 0, 0)
                                    double3 xformOp:scale = (0.009999999776482582, 0.009999999776482582, 0.009999999776482582)
                                    double3 xformOp:translate = (0, 0, 0)
                                    uniform token[] xformOpOrder = ["xformOp:translate", "xformOp:rotateZYX", "xformOp:scale"]
                                }
                            }

                            over "_17_4775_007_Rev1_2__1"
                            {
                                over "_17_4775_007_Rev1_2"
                                {
                                    double3 xformOp:rotateZYX = (0, 0, 0)
                                    double3 xformOp:scale = (0.009999999776482582, 0.009999999776482582, 0.009999999776482582)
                                    double3 xformOp:translate = (0, 0, 0)
                                    uniform token[] xformOpOrder = ["xformOp:translate", "xformOp:rotateZYX", "xformOp:scale"]
                                }
                            }

                            over "_17_4775_007_Rev1_3__1"
                            {
                                over "_17_4775_007_Rev1_3"
                                {
                                    double3 xformOp:rotateZYX = (0, 0, 0)
                                    double3 xformOp:scale = (0.009999999776482582, 0.009999999776482582, 0.009999999776482582)
                                    double3 xformOp:translate = (0, 0, 0)
                                    uniform token[] xformOpOrder = ["xformOp:translate", "xformOp:rotateZYX", "xformOp:scale"]
                                }
                            }

                            over "_17_4775_007_Rev1_8__1"
                            {
                                over "_17_4775_007_Rev1_9"
                                {
                                    double3 xformOp:rotateZYX = (0, 0, 0)
                                    double3 xformOp:scale = (0.009999999776482582, 0.009999999776482582, 0.009999999776482582)
                                    double3 xformOp:translate = (0, 0, 0)
                                    uniform token[] xformOpOrder = ["xformOp:translate", "xformOp:rotateZYX", "xformOp:scale"]
                                }
                            }
                        }

                        over "Kaya_Wheel_Hub_Outside_1__1"
                        {
                            over "Kaya_Wheel_Hub_Outside"
                            {
                                double3 xformOp:rotateZYX = (0, 0, 0)
                                double3 xformOp:scale = (0.009999999776482582, 0.009999999776482582, 0.009999999776482582)
                                double3 xformOp:translate = (0, 0, 0)
                                uniform token[] xformOpOrder = ["xformOp:translate", "xformOp:rotateZYX", "xformOp:scale"]
                            }
                        }
                    }
                }
            }
        }

        over "roller_1_0_0"
        {
        }

        over "roller_1_0_1"
        {
        }

        over "roller_1_0_2"
        {
        }

        over "roller_1_0_3"
        {
        }

        over "roller_1_0_4"
        {
        }

        over "roller_1_1_0"
        {
        }

        over "roller_1_1_1"
        {
        }

        over "roller_1_1_2"
        {
        }

        over "roller_1_1_3"
        {
        }

        over "roller_1_1_4"
        {
        }

        over "axle_2"
        {
        }

        over "roller_2_0_0"
        {
        }

        over "roller_2_0_1"
        {
        }

        over "roller_2_0_2"
        {
        }

        over "roller_2_0_3"
        {
        }

        over "roller_2_0_4"
        {
        }

        over "roller_2_1_0"
        {
        }

        over "roller_2_1_1"
        {
        }

        over "roller_2_1_2"
        {
        }

        over "roller_2_1_3"
        {
        }

        over "roller_2_1_4"
        {
            string isaac:nameOverride (
                displayName = "Name Override"
                doc = "Name override for prim lookup in base name search"
            )
        }
    }

    def Xform "odom"
    {
        quatd xformOp:orient = (1, 0, 0, 0)
        double3 xformOp:scale = (1, 1, 1)
        double3 xformOp:translate = (0, 0, 0)
        uniform token[] xformOpOrder = ["xformOp:translate", "xformOp:orient", "xformOp:scale"]
    }

    def Camera "Camera" (
        hide_in_stage_window = false
        no_delete = false
    )
    {
        float4[] clippingPlanes = []
        float2 clippingRange = (1, 10000000)
        float exposure = 0
        float focalLength = 50
        float focusDistance = 0
        float fStop = 0
        float horizontalAperture = 50
        float horizontalApertureOffset = 0
        custom vector3d omni:kit:centerOfInterest = (0, 0, -5)
        token projection = "orthographic"
        uniform token purpose = "default"
        double shutter:close = 0
        double shutter:open = 0
        uniform token stereoRole = "mono"
        float verticalAperture = 50
        float verticalApertureOffset = 0
        token visibility = "inherited"
        float3 xformOp:rotateYXZ = (90, -0, 1.2722219e-14)
        float3 xformOp:scale = (1, 1, 1)
        double3 xformOp:translate = (-0.18579686209743929, -5, -0.21876191095947736)
        uniform token[] xformOpOrder = ["xformOp:translate", "xformOp:rotateYXZ", "xformOp:scale"]
    }
}

def Xform "Environment"
{
    quatd xformOp:orient = (1, 0, 0, 0)
    double3 xformOp:scale = (1, 1, 1)
    double3 xformOp:translate = (0, 0, 0)
    uniform token[] xformOpOrder = ["xformOp:translate", "xformOp:orient", "xformOp:scale"]

    def DistantLight "defaultLight" (
        prepend apiSchemas = ["ShapingAPI"]
    )
    {
        float inputs:angle = 1
        float inputs:intensity = 3000
        float inputs:shaping:cone:angle = 180
        float inputs:shaping:cone:softness
        float inputs:shaping:focus
        color3f inputs:shaping:focusTint
        asset inputs:shaping:ies:file
        quatd xformOp:orient = (0.6532814824381883, 0.2705980500730985, 0.27059805007309845, 0.6532814824381882)
        double3 xformOp:scale = (1, 1, 1)
        double3 xformOp:translate = (0, 0, 0)
        uniform token[] xformOpOrder = ["xformOp:translate", "xformOp:orient", "xformOp:scale"]
    }
}

def "Render" (
    hide_in_stage_window = true
    no_delete = true
)
{
    def "OmniverseKit"
    {
        def "HydraTextures" (
            hide_in_stage_window = true
            no_delete = true
        )
        {
            def RenderProduct "omni_kit_widget_viewport_ViewportTexture_0" (
                prepend apiSchemas = ["OmniRtxSettingsCommonAdvancedAPI_1", "OmniRtxSettingsRtAdvancedAPI_1", "OmniRtxSettingsPtAdvancedAPI_1", "OmniRtxPostColorGradingAPI_1", "OmniRtxPostChromaticAberrationAPI_1", "OmniRtxPostBloomPhysicalAPI_1", "OmniRtxPostMatteObjectAPI_1", "OmniRtxPostCompositingAPI_1", "OmniRtxPostDofAPI_1", "OmniRtxPostMotionBlurAPI_1", "OmniRtxPostTvNoiseAPI_1", "OmniRtxPostTonemapIrayReinhardAPI_1", "OmniRtxPostDebugSettingsAPI_1", "OmniRtxDebugSettingsAPI_1"]
                hide_in_stage_window = true
                no_delete = true
            )
            {
                rel camera = </OmniverseKit_Persp>
                token omni:rtx:background:source:texture:textureMode = "repeatMirrored"
                token omni:rtx:background:source:type = "domeLight"
                bool omni:rtx:dlss:frameGeneration = 0
                bool omni:rtx:material:db:nonVisualMaterialCSV:enabled = 0
                bool omni:rtx:material:db:syncLoads = 1
                token omni:rtx:post:dlss:execMode = "performance"
                bool omni:rtx:post:registeredCompositing:invertColorCorrection = 1
                bool omni:rtx:post:registeredCompositing:invertToneMap = 1
                bool omni:rtx:pt:lightcache:cached:dontResolveConflicts = 1
                int omni:rtx:pt:maxSamplesPerLaunch = 2073600
                int omni:rtx:pt:mgpu:maxPixelsPerRegionExponent = 12
                color3f omni:rtx:rt:ambientLight:color = (0.1, 0.1, 0.1)
                bool omni:rtx:rt:demoire = 0
                bool omni:rtx:rt:ecoMode:enabled
                bool omni:rtx:rt:lightcache:spatialCache:dontResolveConflicts = 1
                bool omni:rtx:scene:hydra:materialSyncLoads = 1
                bool omni:rtx:scene:hydra:mdlMaterialWarmup = 1
                uint omni:rtx:viewTile:limit = 4294967295
                rel orderedVars = </Render/Vars/LdrColor>
                custom bool overrideClipRange = 0
                uniform int2 resolution = (1280, 720)
            }

            def RenderProduct "omni_kit_widget_viewport_ViewportTexture_1" (
                prepend apiSchemas = ["OmniRtxSettingsCommonAdvancedAPI_1", "OmniRtxSettingsRtAdvancedAPI_1", "OmniRtxSettingsPtAdvancedAPI_1", "OmniRtxPostColorGradingAPI_1", "OmniRtxPostChromaticAberrationAPI_1", "OmniRtxPostBloomPhysicalAPI_1", "OmniRtxPostMatteObjectAPI_1", "OmniRtxPostCompositingAPI_1", "OmniRtxPostDofAPI_1", "OmniRtxPostMotionBlurAPI_1", "OmniRtxPostTvNoiseAPI_1", "OmniRtxPostTonemapIrayReinhardAPI_1", "OmniRtxPostDebugSettingsAPI_1", "OmniRtxDebugSettingsAPI_1"]
                hide_in_stage_window = true
                no_delete = true
            )
            {
                rel camera = </OmniverseKit_Persp>
                token omni:rtx:background:source:texture:textureMode = "repeatMirrored"
                token omni:rtx:background:source:type = "domeLight"
                bool omni:rtx:dlss:frameGeneration = 0
                bool omni:rtx:material:db:nonVisualMaterialCSV:enabled = 0
                bool omni:rtx:material:db:syncLoads = 1
                token omni:rtx:post:dlss:execMode = "performance"
                bool omni:rtx:post:registeredCompositing:invertColorCorrection = 1
                bool omni:rtx:post:registeredCompositing:invertToneMap = 1
                bool omni:rtx:pt:lightcache:cached:dontResolveConflicts = 1
                int omni:rtx:pt:maxSamplesPerLaunch = 2073600
                int omni:rtx:pt:mgpu:maxPixelsPerRegionExponent = 12
                color3f omni:rtx:rt:ambientLight:color = (0.1, 0.1, 0.1)
                bool omni:rtx:rt:demoire = 0
                bool omni:rtx:rt:ecoMode:enabled = 0
                bool omni:rtx:rt:lightcache:spatialCache:dontResolveConflicts = 1
                bool omni:rtx:scene:hydra:materialSyncLoads = 1
                bool omni:rtx:scene:hydra:mdlMaterialWarmup = 1
                uint omni:rtx:viewTile:limit = 4294967295
                rel orderedVars = </Render/Vars/LdrColor>
                custom bool overrideClipRange = 0
                uniform int2 resolution = (1280, 720)
            }

            def RenderProduct "Replicator" (
                prepend apiSchemas = ["OmniRtxSettingsCommonAdvancedAPI_1", "OmniRtxSettingsRtAdvancedAPI_1", "OmniRtxSettingsPtAdvancedAPI_1", "OmniRtxPostColorGradingAPI_1", "OmniRtxPostChromaticAberrationAPI_1", "OmniRtxPostBloomPhysicalAPI_1", "OmniRtxPostMatteObjectAPI_1", "OmniRtxPostCompositingAPI_1", "OmniRtxPostDofAPI_1", "OmniRtxPostMotionBlurAPI_1", "OmniRtxPostTvNoiseAPI_1", "OmniRtxPostTonemapIrayReinhardAPI_1", "OmniRtxPostDebugSettingsAPI_1", "OmniRtxDebugSettingsAPI_1"]
                hide_in_stage_window = true
                no_delete = true
            )
            {
                rel camera = </World/kaya/base_link/Example_Rotary_2D>
                custom string ogPostProcessPath = "/Render/OmniverseKit/HydraTextures/Replicator/PostRender"
                bool omni:rtx:material:db:syncLoads = 1
                bool omni:rtx:rt:ecoMode:enabled = 0
                bool omni:rtx:scene:hydra:materialSyncLoads = 1
                rel orderedVars = [
                    </Render/Vars/GenericModelOutput>,
                    </Render/Vars/RtxSensorMetadata>,
                ]
                custom bool overrideClipRange = 0
                uniform int2 resolution = (1280, 720)
            }

            def RenderProduct "Replicator_01" (
                prepend apiSchemas = ["OmniRtxSettingsCommonAdvancedAPI_1", "OmniRtxSettingsRtAdvancedAPI_1", "OmniRtxSettingsPtAdvancedAPI_1", "OmniRtxPostColorGradingAPI_1", "OmniRtxPostChromaticAberrationAPI_1", "OmniRtxPostBloomPhysicalAPI_1", "OmniRtxPostMatteObjectAPI_1", "OmniRtxPostCompositingAPI_1", "OmniRtxPostDofAPI_1", "OmniRtxPostMotionBlurAPI_1", "OmniRtxPostTvNoiseAPI_1", "OmniRtxPostTonemapIrayReinhardAPI_1", "OmniRtxPostDebugSettingsAPI_1", "OmniRtxDebugSettingsAPI_1"]
                hide_in_stage_window = true
                no_delete = true
            )
            {
                rel camera = </World/kaya/base_link/Example_Rotary_2D>
                custom string ogPostProcessPath = "/Render/OmniverseKit/HydraTextures/Replicator_01/PostRender"
                bool omni:rtx:material:db:syncLoads = 1
                bool omni:rtx:rt:ecoMode:enabled = 0
                bool omni:rtx:scene:hydra:materialSyncLoads = 1
                rel orderedVars = [
                    </Render/Vars/GenericModelOutput>,
                    </Render/Vars/RtxSensorMetadata>,
                ]
                custom bool overrideClipRange = 0
                uniform int2 resolution = (1280, 720)
            }

            def RenderProduct "Replicator_02" (
                prepend apiSchemas = ["OmniRtxSettingsCommonAdvancedAPI_1", "OmniRtxSettingsRtAdvancedAPI_1", "OmniRtxSettingsPtAdvancedAPI_1", "OmniRtxPostColorGradingAPI_1", "OmniRtxPostChromaticAberrationAPI_1", "OmniRtxPostBloomPhysicalAPI_1", "OmniRtxPostMatteObjectAPI_1", "OmniRtxPostCompositingAPI_1", "OmniRtxPostDofAPI_1", "OmniRtxPostMotionBlurAPI_1", "OmniRtxPostTvNoiseAPI_1", "OmniRtxPostTonemapIrayReinhardAPI_1", "OmniRtxPostDebugSettingsAPI_1", "OmniRtxDebugSettingsAPI_1"]
                hide_in_stage_window = true
                no_delete = true
            )
            {
                rel camera = </World/kaya/base_link/Example_Rotary_2D>
                bool omni:rtx:material:db:syncLoads = 1
                bool omni:rtx:rt:ecoMode:enabled = 0
                bool omni:rtx:scene:hydra:materialSyncLoads = 1
                rel orderedVars = </Render/Vars/LdrColor>
                custom bool overrideClipRange = 0
                uniform int2 resolution = (1280, 720)
            }

            def RenderProduct "Replicator_03" (
                prepend apiSchemas = ["OmniRtxSettingsCommonAdvancedAPI_1", "OmniRtxSettingsRtAdvancedAPI_1", "OmniRtxSettingsPtAdvancedAPI_1", "OmniRtxPostColorGradingAPI_1", "OmniRtxPostChromaticAberrationAPI_1", "OmniRtxPostBloomPhysicalAPI_1", "OmniRtxPostMatteObjectAPI_1", "OmniRtxPostCompositingAPI_1", "OmniRtxPostDofAPI_1", "OmniRtxPostMotionBlurAPI_1", "OmniRtxPostTvNoiseAPI_1", "OmniRtxPostTonemapIrayReinhardAPI_1", "OmniRtxPostDebugSettingsAPI_1", "OmniRtxDebugSettingsAPI_1"]
                hide_in_stage_window = true
                no_delete = true
            )
            {
                rel camera = </World/kaya/base_link/camera_mount/Camera>
                bool omni:rtx:material:db:syncLoads = 1
                bool omni:rtx:rt:ecoMode:enabled = 0
                bool omni:rtx:scene:hydra:materialSyncLoads = 1
                rel orderedVars = </Render/Vars/LdrColor>
                custom bool overrideClipRange = 0
                uniform int2 resolution = (1280, 720)
            }

            def RenderProduct "Replicator_04" (
                prepend apiSchemas = ["OmniRtxSettingsCommonAdvancedAPI_1", "OmniRtxSettingsRtAdvancedAPI_1", "OmniRtxSettingsPtAdvancedAPI_1", "OmniRtxPostColorGradingAPI_1", "OmniRtxPostChromaticAberrationAPI_1", "OmniRtxPostBloomPhysicalAPI_1", "OmniRtxPostMatteObjectAPI_1", "OmniRtxPostCompositingAPI_1", "OmniRtxPostDofAPI_1", "OmniRtxPostMotionBlurAPI_1", "OmniRtxPostTvNoiseAPI_1", "OmniRtxPostTonemapIrayReinhardAPI_1", "OmniRtxPostDebugSettingsAPI_1", "OmniRtxDebugSettingsAPI_1"]
                hide_in_stage_window = true
                no_delete = true
            )
            {
                rel camera = </World/kaya/base_link/camera_mount/Camera>
                custom string ogPostProcessPath = "/Render/OmniverseKit/HydraTextures/Replicator_04/PostRender"
                bool omni:rtx:material:db:syncLoads = 1
                bool omni:rtx:rt:ecoMode:enabled = 0
                bool omni:rtx:scene:hydra:materialSyncLoads = 1
                rel orderedVars = [
                    </Render/Vars/LdrColorSD>,
                    </Render/Vars/LdrColor>,
                ]
                custom bool overrideClipRange = 0
                uniform int2 resolution = (1280, 720)
            }

            def RenderProduct "Replicator_05" (
                prepend apiSchemas = ["OmniRtxSettingsCommonAdvancedAPI_1", "OmniRtxSettingsRtAdvancedAPI_1", "OmniRtxSettingsPtAdvancedAPI_1", "OmniRtxPostColorGradingAPI_1", "OmniRtxPostChromaticAberrationAPI_1", "OmniRtxPostBloomPhysicalAPI_1", "OmniRtxPostMatteObjectAPI_1", "OmniRtxPostCompositingAPI_1", "OmniRtxPostDofAPI_1", "OmniRtxPostMotionBlurAPI_1", "OmniRtxPostTvNoiseAPI_1", "OmniRtxPostTonemapIrayReinhardAPI_1", "OmniRtxPostDebugSettingsAPI_1", "OmniRtxDebugSettingsAPI_1"]
                hide_in_stage_window = true
                no_delete = true
            )
            {
                rel camera = </World/kaya/base_link/Example_Rotary_2D>
                custom string ogPostProcessPath = "/Render/OmniverseKit/HydraTextures/Replicator_05/PostRender"
                bool omni:rtx:material:db:syncLoads = 1
                bool omni:rtx:rt:ecoMode:enabled = 0
                bool omni:rtx:scene:hydra:materialSyncLoads = 1
                rel orderedVars = [
                    </Render/Vars/GenericModelOutput>,
                    </Render/Vars/RtxSensorMetadata>,
                ]
                custom bool overrideClipRange = 0
                uniform int2 resolution = (1280, 720)
            }

            def RenderProduct "Replicator_06" (
                prepend apiSchemas = ["OmniRtxSettingsCommonAdvancedAPI_1", "OmniRtxSettingsRtAdvancedAPI_1", "OmniRtxSettingsPtAdvancedAPI_1", "OmniRtxPostColorGradingAPI_1", "OmniRtxPostChromaticAberrationAPI_1", "OmniRtxPostBloomPhysicalAPI_1", "OmniRtxPostMatteObjectAPI_1", "OmniRtxPostCompositingAPI_1", "OmniRtxPostDofAPI_1", "OmniRtxPostMotionBlurAPI_1", "OmniRtxPostTvNoiseAPI_1", "OmniRtxPostTonemapIrayReinhardAPI_1", "OmniRtxPostDebugSettingsAPI_1", "OmniRtxDebugSettingsAPI_1"]
                hide_in_stage_window = true
                no_delete = true
            )
            {
                rel camera = </World/kaya/base_link/camera_mount/Camera>
                custom string ogPostProcessPath = "/Render/OmniverseKit/HydraTextures/Replicator_06/PostRender"
                bool omni:rtx:material:db:syncLoads = 1
                bool omni:rtx:rt:ecoMode:enabled = 0
                bool omni:rtx:scene:hydra:materialSyncLoads = 1
                rel orderedVars = [
                    </Render/Vars/LdrColorSD>,
                    </Render/Vars/LdrColor>,
                ]
                custom bool overrideClipRange = 0
                uniform int2 resolution = (1280, 720)
            }

            def RenderProduct "Replicator_07" (
                prepend apiSchemas = ["OmniRtxSettingsCommonAdvancedAPI_1", "OmniRtxSettingsRtAdvancedAPI_1", "OmniRtxSettingsPtAdvancedAPI_1", "OmniRtxPostColorGradingAPI_1", "OmniRtxPostChromaticAberrationAPI_1", "OmniRtxPostBloomPhysicalAPI_1", "OmniRtxPostMatteObjectAPI_1", "OmniRtxPostCompositingAPI_1", "OmniRtxPostDofAPI_1", "OmniRtxPostMotionBlurAPI_1", "OmniRtxPostTvNoiseAPI_1", "OmniRtxPostTonemapIrayReinhardAPI_1", "OmniRtxPostDebugSettingsAPI_1", "OmniRtxDebugSettingsAPI_1"]
                hide_in_stage_window = true
                no_delete = true
            )
            {
                rel camera = </World/kaya/base_link/Example_Rotary_2D>
                custom string ogPostProcessPath = "/Render/OmniverseKit/HydraTextures/Replicator_07/PostRender"
                bool omni:rtx:material:db:syncLoads = 1
                bool omni:rtx:rt:ecoMode:enabled = 0
                bool omni:rtx:scene:hydra:materialSyncLoads = 1
                rel orderedVars = [
                    </Render/Vars/GenericModelOutput>,
                    </Render/Vars/RtxSensorMetadata>,
                ]
                custom bool overrideClipRange = 0
                uniform int2 resolution = (1280, 720)
            }

            def RenderProduct "Replicator_08" (
                prepend apiSchemas = ["OmniRtxSettingsCommonAdvancedAPI_1", "OmniRtxSettingsRtAdvancedAPI_1", "OmniRtxSettingsPtAdvancedAPI_1", "OmniRtxPostColorGradingAPI_1", "OmniRtxPostChromaticAberrationAPI_1", "OmniRtxPostBloomPhysicalAPI_1", "OmniRtxPostMatteObjectAPI_1", "OmniRtxPostCompositingAPI_1", "OmniRtxPostDofAPI_1", "OmniRtxPostMotionBlurAPI_1", "OmniRtxPostTvNoiseAPI_1", "OmniRtxPostTonemapIrayReinhardAPI_1", "OmniRtxPostDebugSettingsAPI_1", "OmniRtxDebugSettingsAPI_1"]
                hide_in_stage_window = true
                no_delete = true
            )
            {
                rel camera = </World/kaya/base_link/Example_Rotary_2D>
                bool omni:rtx:material:db:syncLoads = 1
                bool omni:rtx:rt:ecoMode:enabled
                bool omni:rtx:scene:hydra:materialSyncLoads = 1
                rel orderedVars = </Render/Vars/LdrColor>
                custom bool overrideClipRange = 0
                uniform int2 resolution = (1280, 720)
            }

            def RenderProduct "Replicator_09" (
                prepend apiSchemas = ["OmniRtxSettingsCommonAdvancedAPI_1", "OmniRtxSettingsRtAdvancedAPI_1", "OmniRtxSettingsPtAdvancedAPI_1", "OmniRtxPostColorGradingAPI_1", "OmniRtxPostChromaticAberrationAPI_1", "OmniRtxPostBloomPhysicalAPI_1", "OmniRtxPostMatteObjectAPI_1", "OmniRtxPostCompositingAPI_1", "OmniRtxPostDofAPI_1", "OmniRtxPostMotionBlurAPI_1", "OmniRtxPostTvNoiseAPI_1", "OmniRtxPostTonemapIrayReinhardAPI_1", "OmniRtxPostDebugSettingsAPI_1", "OmniRtxDebugSettingsAPI_1"]
                hide_in_stage_window = true
                no_delete = true
            )
            {
                rel camera = </World/kaya/base_link/camera_mount/Camera>
                bool omni:rtx:material:db:syncLoads = 1
                bool omni:rtx:rt:ecoMode:enabled
                bool omni:rtx:scene:hydra:materialSyncLoads = 1
                rel orderedVars = </Render/Vars/LdrColor>
                custom bool overrideClipRange = 0
                uniform int2 resolution = (1280, 720)
            }

            def RenderProduct "Replicator_10" (
                prepend apiSchemas = ["OmniRtxSettingsCommonAdvancedAPI_1", "OmniRtxSettingsRtAdvancedAPI_1", "OmniRtxSettingsPtAdvancedAPI_1", "OmniRtxPostColorGradingAPI_1", "OmniRtxPostChromaticAberrationAPI_1", "OmniRtxPostBloomPhysicalAPI_1", "OmniRtxPostMatteObjectAPI_1", "OmniRtxPostCompositingAPI_1", "OmniRtxPostDofAPI_1", "OmniRtxPostMotionBlurAPI_1", "OmniRtxPostTvNoiseAPI_1", "OmniRtxPostTonemapIrayReinhardAPI_1", "OmniRtxPostDebugSettingsAPI_1", "OmniRtxDebugSettingsAPI_1"]
                hide_in_stage_window = true
                no_delete = true
            )
            {
                rel camera = </OmniverseKit_Persp>
                bool omni:rtx:material:db:syncLoads = 1
                bool omni:rtx:rt:ecoMode:enabled = 0
                bool omni:rtx:scene:hydra:materialSyncLoads = 1
                rel orderedVars = </Render/Vars/LdrColor>
                custom bool overrideClipRange = 0
                uniform int2 resolution = (1280, 720)
            }

            def RenderProduct "Replicator_11" (
                prepend apiSchemas = ["OmniRtxSettingsCommonAdvancedAPI_1", "OmniRtxSettingsRtAdvancedAPI_1", "OmniRtxSettingsPtAdvancedAPI_1", "OmniRtxPostColorGradingAPI_1", "OmniRtxPostChromaticAberrationAPI_1", "OmniRtxPostBloomPhysicalAPI_1", "OmniRtxPostMatteObjectAPI_1", "OmniRtxPostCompositingAPI_1", "OmniRtxPostDofAPI_1", "OmniRtxPostMotionBlurAPI_1", "OmniRtxPostTvNoiseAPI_1", "OmniRtxPostTonemapIrayReinhardAPI_1", "OmniRtxPostDebugSettingsAPI_1", "OmniRtxDebugSettingsAPI_1"]
                hide_in_stage_window = true
                no_delete = true
            )
            {
                rel camera = </World/kaya/base_link/camera_mount/Camera>
                custom string ogPostProcessPath = "/Render/OmniverseKit/HydraTextures/Replicator_11/PostRender"
                bool omni:rtx:material:db:syncLoads = 1
                bool omni:rtx:rt:ecoMode:enabled = 0
                bool omni:rtx:scene:hydra:materialSyncLoads = 1
                rel orderedVars = [
                    </Render/Vars/LdrColorSD>,
                    </Render/Vars/LdrColor>,
                ]
                custom bool overrideClipRange = 0
                uniform int2 resolution = (1280, 720)
            }

            def RenderProduct "Replicator_12" (
                prepend apiSchemas = ["OmniRtxSettingsCommonAdvancedAPI_1", "OmniRtxSettingsRtAdvancedAPI_1", "OmniRtxSettingsPtAdvancedAPI_1", "OmniRtxPostColorGradingAPI_1", "OmniRtxPostChromaticAberrationAPI_1", "OmniRtxPostBloomPhysicalAPI_1", "OmniRtxPostMatteObjectAPI_1", "OmniRtxPostCompositingAPI_1", "OmniRtxPostDofAPI_1", "OmniRtxPostMotionBlurAPI_1", "OmniRtxPostTvNoiseAPI_1", "OmniRtxPostTonemapIrayReinhardAPI_1", "OmniRtxPostDebugSettingsAPI_1", "OmniRtxDebugSettingsAPI_1"]
                hide_in_stage_window = true
                no_delete = true
            )
            {
                rel camera = </OmniverseKit_Persp>
                bool omni:rtx:material:db:syncLoads = 1
                bool omni:rtx:rt:ecoMode:enabled
                bool omni:rtx:scene:hydra:materialSyncLoads = 1
                rel orderedVars = </Render/Vars/LdrColor>
                custom bool overrideClipRange = 0
                uniform int2 resolution = (1280, 720)
            }

            def RenderProduct "Replicator_13" (
                prepend apiSchemas = ["OmniRtxSettingsCommonAdvancedAPI_1", "OmniRtxSettingsRtAdvancedAPI_1", "OmniRtxSettingsPtAdvancedAPI_1", "OmniRtxPostColorGradingAPI_1", "OmniRtxPostChromaticAberrationAPI_1", "OmniRtxPostBloomPhysicalAPI_1", "OmniRtxPostMatteObjectAPI_1", "OmniRtxPostCompositingAPI_1", "OmniRtxPostDofAPI_1", "OmniRtxPostMotionBlurAPI_1", "OmniRtxPostTvNoiseAPI_1", "OmniRtxPostTonemapIrayReinhardAPI_1", "OmniRtxPostDebugSettingsAPI_1", "OmniRtxDebugSettingsAPI_1"]
                hide_in_stage_window = true
                no_delete = true
            )
            {
                rel camera = </World/kaya/base_link/camera_mount/Camera>
                custom string ogPostProcessPath = "/Render/OmniverseKit/HydraTextures/Replicator_13/PostRender"
                bool omni:rtx:material:db:syncLoads = 1
                bool omni:rtx:rt:ecoMode:enabled
                bool omni:rtx:scene:hydra:materialSyncLoads = 1
                rel orderedVars = [
                    </Render/Vars/LdrColorSD>,
                    </Render/Vars/LdrColor>,
                ]
                custom bool overrideClipRange = 0
                uniform int2 resolution = (1280, 720)
            }

            def RenderProduct "Replicator_18" (
                prepend apiSchemas = ["OmniRtxSettingsCommonAdvancedAPI_1", "OmniRtxSettingsRtAdvancedAPI_1", "OmniRtxSettingsPtAdvancedAPI_1", "OmniRtxPostColorGradingAPI_1", "OmniRtxPostChromaticAberrationAPI_1", "OmniRtxPostBloomPhysicalAPI_1", "OmniRtxPostMatteObjectAPI_1", "OmniRtxPostCompositingAPI_1", "OmniRtxPostDofAPI_1", "OmniRtxPostMotionBlurAPI_1", "OmniRtxPostTvNoiseAPI_1", "OmniRtxPostTonemapIrayReinhardAPI_1", "OmniRtxPostDebugSettingsAPI_1", "OmniRtxDebugSettingsAPI_1"]
                hide_in_stage_window = true
                no_delete = true
            )
            {
                rel camera = </World/kaya/base_link/camera_mount/Camera>
                bool omni:rtx:material:db:syncLoads = 1
                bool omni:rtx:rt:ecoMode:enabled = 0
                bool omni:rtx:scene:hydra:materialSyncLoads = 1
                rel orderedVars = </Render/Vars/LdrColor>
                custom bool overrideClipRange = 0
                uniform int2 resolution = (1280, 720)
            }

            def RenderProduct "Replicator_19" (
                prepend apiSchemas = ["OmniRtxSettingsCommonAdvancedAPI_1", "OmniRtxSettingsRtAdvancedAPI_1", "OmniRtxSettingsPtAdvancedAPI_1", "OmniRtxPostColorGradingAPI_1", "OmniRtxPostChromaticAberrationAPI_1", "OmniRtxPostBloomPhysicalAPI_1", "OmniRtxPostMatteObjectAPI_1", "OmniRtxPostCompositingAPI_1", "OmniRtxPostDofAPI_1", "OmniRtxPostMotionBlurAPI_1", "OmniRtxPostTvNoiseAPI_1", "OmniRtxPostTonemapIrayReinhardAPI_1", "OmniRtxPostDebugSettingsAPI_1", "OmniRtxDebugSettingsAPI_1"]
                hide_in_stage_window = true
                no_delete = true
            )
            {
                rel camera = </OmniverseKit_Persp>
                bool omni:rtx:material:db:syncLoads = 1
                bool omni:rtx:rt:ecoMode:enabled = 0
                bool omni:rtx:scene:hydra:materialSyncLoads = 1
                rel orderedVars = </Render/Vars/LdrColor>
                custom bool overrideClipRange = 0
                uniform int2 resolution = (1280, 720)
            }

            def RenderProduct "Replicator_20" (
                prepend apiSchemas = ["OmniRtxSettingsCommonAdvancedAPI_1", "OmniRtxSettingsRtAdvancedAPI_1", "OmniRtxSettingsPtAdvancedAPI_1", "OmniRtxPostColorGradingAPI_1", "OmniRtxPostChromaticAberrationAPI_1", "OmniRtxPostBloomPhysicalAPI_1", "OmniRtxPostMatteObjectAPI_1", "OmniRtxPostCompositingAPI_1", "OmniRtxPostDofAPI_1", "OmniRtxPostMotionBlurAPI_1", "OmniRtxPostTvNoiseAPI_1", "OmniRtxPostTonemapIrayReinhardAPI_1", "OmniRtxPostDebugSettingsAPI_1", "OmniRtxDebugSettingsAPI_1"]
                hide_in_stage_window = true
                no_delete = true
            )
            {
                rel camera = </World/kaya/base_link/camera_mount/Camera>
                custom string ogPostProcessPath = "/Render/OmniverseKit/HydraTextures/Replicator_20/PostRender"
                bool omni:rtx:material:db:syncLoads = 1
                bool omni:rtx:rt:ecoMode:enabled = 0
                bool omni:rtx:scene:hydra:materialSyncLoads = 1
                rel orderedVars = [
                    </Render/Vars/LdrColorSD>,
                    </Render/Vars/LdrColor>,
                ]
                custom bool overrideClipRange = 0
                uniform int2 resolution = (1280, 720)
            }

            def RenderProduct "Replicator_21" (
                prepend apiSchemas = ["OmniRtxSettingsCommonAdvancedAPI_1", "OmniRtxSettingsRtAdvancedAPI_1", "OmniRtxSettingsPtAdvancedAPI_1", "OmniRtxPostColorGradingAPI_1", "OmniRtxPostChromaticAberrationAPI_1", "OmniRtxPostBloomPhysicalAPI_1", "OmniRtxPostMatteObjectAPI_1", "OmniRtxPostCompositingAPI_1", "OmniRtxPostDofAPI_1", "OmniRtxPostMotionBlurAPI_1", "OmniRtxPostTvNoiseAPI_1", "OmniRtxPostTonemapIrayReinhardAPI_1", "OmniRtxPostDebugSettingsAPI_1", "OmniRtxDebugSettingsAPI_1"]
                hide_in_stage_window = true
                no_delete = true
            )
            {
                rel camera = </OmniverseKit_Persp>
                bool omni:rtx:material:db:syncLoads = 1
                bool omni:rtx:rt:ecoMode:enabled = 0
                bool omni:rtx:scene:hydra:materialSyncLoads = 1
                rel orderedVars = </Render/Vars/LdrColor>
                custom bool overrideClipRange = 0
                uniform int2 resolution = (1280, 720)
            }

            def RenderProduct "Replicator_14" (
                prepend apiSchemas = ["OmniRtxSettingsCommonAdvancedAPI_1", "OmniRtxSettingsRtAdvancedAPI_1", "OmniRtxSettingsPtAdvancedAPI_1", "OmniRtxPostColorGradingAPI_1", "OmniRtxPostChromaticAberrationAPI_1", "OmniRtxPostBloomPhysicalAPI_1", "OmniRtxPostMatteObjectAPI_1", "OmniRtxPostCompositingAPI_1", "OmniRtxPostDofAPI_1", "OmniRtxPostMotionBlurAPI_1", "OmniRtxPostTvNoiseAPI_1", "OmniRtxPostTonemapIrayReinhardAPI_1", "OmniRtxPostDebugSettingsAPI_1", "OmniRtxDebugSettingsAPI_1"]
                hide_in_stage_window = true
                no_delete = true
            )
            {
                rel camera = </World/kaya/base_link/camera_mount/Camera>
                bool omni:rtx:material:db:syncLoads = 1
                bool omni:rtx:rt:ecoMode:enabled = 0
                bool omni:rtx:scene:hydra:materialSyncLoads = 1
                rel orderedVars = </Render/Vars/LdrColor>
                custom bool overrideClipRange = 0
                uniform int2 resolution = (1280, 720)
            }

            def RenderProduct "Replicator_15" (
                prepend apiSchemas = ["OmniRtxSettingsCommonAdvancedAPI_1", "OmniRtxSettingsRtAdvancedAPI_1", "OmniRtxSettingsPtAdvancedAPI_1", "OmniRtxPostColorGradingAPI_1", "OmniRtxPostChromaticAberrationAPI_1", "OmniRtxPostBloomPhysicalAPI_1", "OmniRtxPostMatteObjectAPI_1", "OmniRtxPostCompositingAPI_1", "OmniRtxPostDofAPI_1", "OmniRtxPostMotionBlurAPI_1", "OmniRtxPostTvNoiseAPI_1", "OmniRtxPostTonemapIrayReinhardAPI_1", "OmniRtxPostDebugSettingsAPI_1", "OmniRtxDebugSettingsAPI_1"]
                hide_in_stage_window = true
                no_delete = true
            )
            {
                rel camera = </OmniverseKit_Persp>
                bool omni:rtx:material:db:syncLoads = 1
                bool omni:rtx:rt:ecoMode:enabled = 0
                bool omni:rtx:scene:hydra:materialSyncLoads = 1
                rel orderedVars = </Render/Vars/LdrColor>
                custom bool overrideClipRange = 0
                uniform int2 resolution = (1280, 720)
            }

            def RenderProduct "Replicator_16" (
                prepend apiSchemas = ["OmniRtxSettingsCommonAdvancedAPI_1", "OmniRtxSettingsRtAdvancedAPI_1", "OmniRtxSettingsPtAdvancedAPI_1", "OmniRtxPostColorGradingAPI_1", "OmniRtxPostChromaticAberrationAPI_1", "OmniRtxPostBloomPhysicalAPI_1", "OmniRtxPostMatteObjectAPI_1", "OmniRtxPostCompositingAPI_1", "OmniRtxPostDofAPI_1", "OmniRtxPostMotionBlurAPI_1", "OmniRtxPostTvNoiseAPI_1", "OmniRtxPostTonemapIrayReinhardAPI_1", "OmniRtxPostDebugSettingsAPI_1", "OmniRtxDebugSettingsAPI_1"]
                hide_in_stage_window = true
                no_delete = true
            )
            {
                rel camera = </World/kaya/base_link/camera_mount/Camera>
                custom string ogPostProcessPath = "/Render/OmniverseKit/HydraTextures/Replicator_16/PostRender"
                bool omni:rtx:material:db:syncLoads = 1
                bool omni:rtx:rt:ecoMode:enabled = 0
                bool omni:rtx:scene:hydra:materialSyncLoads = 1
                rel orderedVars = [
                    </Render/Vars/LdrColorSD>,
                    </Render/Vars/LdrColor>,
                ]
                custom bool overrideClipRange = 0
                uniform int2 resolution = (1280, 720)
            }

            def RenderProduct "Replicator_17" (
                prepend apiSchemas = ["OmniRtxSettingsCommonAdvancedAPI_1", "OmniRtxSettingsRtAdvancedAPI_1", "OmniRtxSettingsPtAdvancedAPI_1", "OmniRtxPostColorGradingAPI_1", "OmniRtxPostChromaticAberrationAPI_1", "OmniRtxPostBloomPhysicalAPI_1", "OmniRtxPostMatteObjectAPI_1", "OmniRtxPostCompositingAPI_1", "OmniRtxPostDofAPI_1", "OmniRtxPostMotionBlurAPI_1", "OmniRtxPostTvNoiseAPI_1", "OmniRtxPostTonemapIrayReinhardAPI_1", "OmniRtxPostDebugSettingsAPI_1", "OmniRtxDebugSettingsAPI_1"]
                hide_in_stage_window = true
                no_delete = true
            )
            {
                rel camera = </OmniverseKit_Persp>
                bool omni:rtx:material:db:syncLoads = 1
                bool omni:rtx:rt:ecoMode:enabled = 0
                bool omni:rtx:scene:hydra:materialSyncLoads = 1
                rel orderedVars = </Render/Vars/LdrColor>
                custom bool overrideClipRange = 0
                uniform int2 resolution = (1280, 720)
            }

            def RenderProduct "Replicator_22" (
                prepend apiSchemas = ["OmniRtxSettingsCommonAdvancedAPI_1", "OmniRtxSettingsRtAdvancedAPI_1", "OmniRtxSettingsPtAdvancedAPI_1", "OmniRtxPostColorGradingAPI_1", "OmniRtxPostChromaticAberrationAPI_1", "OmniRtxPostBloomPhysicalAPI_1", "OmniRtxPostMatteObjectAPI_1", "OmniRtxPostCompositingAPI_1", "OmniRtxPostDofAPI_1", "OmniRtxPostMotionBlurAPI_1", "OmniRtxPostTvNoiseAPI_1", "OmniRtxPostTonemapIrayReinhardAPI_1", "OmniRtxPostDebugSettingsAPI_1", "OmniRtxDebugSettingsAPI_1"]
                hide_in_stage_window = true
                no_delete = true
            )
            {
                rel camera = </World/kaya/base_link/XT32_SD10/PandarXT_32_10hz>
                custom string ogPostProcessPath = "/Render/OmniverseKit/HydraTextures/Replicator_22/PostRender"
                bool omni:rtx:material:db:syncLoads = 1
                bool omni:rtx:rt:ecoMode:enabled = 0
                bool omni:rtx:scene:hydra:materialSyncLoads = 1
                rel orderedVars = [
                    </Render/Vars/GenericModelOutput>,
                    </Render/Vars/RtxSensorMetadata>,
                ]
                custom bool overrideClipRange = 0
                uniform int2 resolution = (1280, 720)
            }

            def RenderProduct "Replicator_23" (
                prepend apiSchemas = ["OmniRtxSettingsCommonAdvancedAPI_1", "OmniRtxSettingsRtAdvancedAPI_1", "OmniRtxSettingsPtAdvancedAPI_1", "OmniRtxPostColorGradingAPI_1", "OmniRtxPostChromaticAberrationAPI_1", "OmniRtxPostBloomPhysicalAPI_1", "OmniRtxPostMatteObjectAPI_1", "OmniRtxPostCompositingAPI_1", "OmniRtxPostDofAPI_1", "OmniRtxPostMotionBlurAPI_1", "OmniRtxPostTvNoiseAPI_1", "OmniRtxPostTonemapIrayReinhardAPI_1", "OmniRtxPostDebugSettingsAPI_1", "OmniRtxDebugSettingsAPI_1"]
                hide_in_stage_window = true
                no_delete = true
            )
            {
                rel camera = </World/kaya/base_link/camera_mount/Camera>
                custom string ogPostProcessPath = "/Render/OmniverseKit/HydraTextures/Replicator_23/PostRender"
                bool omni:rtx:material:db:syncLoads = 1
                bool omni:rtx:rt:ecoMode:enabled = 0
                bool omni:rtx:scene:hydra:materialSyncLoads = 1
                rel orderedVars = [
                    </Render/Vars/LdrColorSD>,
                    </Render/Vars/LdrColor>,
                ]
                custom bool overrideClipRange = 0
                uniform int2 resolution = (1280, 720)
            }

            def RenderProduct "Replicator_24" (
                prepend apiSchemas = ["OmniRtxSettingsCommonAdvancedAPI_1", "OmniRtxSettingsRtAdvancedAPI_1", "OmniRtxSettingsPtAdvancedAPI_1", "OmniRtxPostColorGradingAPI_1", "OmniRtxPostChromaticAberrationAPI_1", "OmniRtxPostBloomPhysicalAPI_1", "OmniRtxPostMatteObjectAPI_1", "OmniRtxPostCompositingAPI_1", "OmniRtxPostDofAPI_1", "OmniRtxPostMotionBlurAPI_1", "OmniRtxPostTvNoiseAPI_1", "OmniRtxPostTonemapIrayReinhardAPI_1", "OmniRtxPostDebugSettingsAPI_1", "OmniRtxDebugSettingsAPI_1"]
                hide_in_stage_window = true
                no_delete = true
            )
            {
                rel camera = </World/kaya/base_link/camera_mount/Camera>
                custom string ogPostProcessPath = "/Render/OmniverseKit/HydraTextures/Replicator_24/PostRender"
                bool omni:rtx:material:db:syncLoads = 1
                bool omni:rtx:rt:ecoMode:enabled = 0
                bool omni:rtx:scene:hydra:materialSyncLoads = 1
                rel orderedVars = [
                    </Render/Vars/LdrColorSD>,
                    </Render/Vars/LdrColor>,
                ]
                custom bool overrideClipRange = 0
                uniform int2 resolution = (1280, 720)
            }

            def RenderProduct "Replicator_25" (
                prepend apiSchemas = ["OmniRtxSettingsCommonAdvancedAPI_1", "OmniRtxSettingsRtAdvancedAPI_1", "OmniRtxSettingsPtAdvancedAPI_1", "OmniRtxPostColorGradingAPI_1", "OmniRtxPostChromaticAberrationAPI_1", "OmniRtxPostBloomPhysicalAPI_1", "OmniRtxPostMatteObjectAPI_1", "OmniRtxPostCompositingAPI_1", "OmniRtxPostDofAPI_1", "OmniRtxPostMotionBlurAPI_1", "OmniRtxPostTvNoiseAPI_1", "OmniRtxPostTonemapIrayReinhardAPI_1", "OmniRtxPostDebugSettingsAPI_1", "OmniRtxDebugSettingsAPI_1"]
                hide_in_stage_window = true
                no_delete = true
            )
            {
                rel camera = </World/kaya/base_link/XT32_SD10/PandarXT_32_10hz>
                custom string ogPostProcessPath = "/Render/OmniverseKit/HydraTextures/Replicator_25/PostRender"
                bool omni:rtx:material:db:syncLoads = 1
                bool omni:rtx:rt:ecoMode:enabled = 0
                bool omni:rtx:scene:hydra:materialSyncLoads = 1
                rel orderedVars = [
                    </Render/Vars/GenericModelOutput>,
                    </Render/Vars/RtxSensorMetadata>,
                ]
                custom bool overrideClipRange = 0
                uniform int2 resolution = (1280, 720)
            }

            def RenderProduct "Replicator_26" (
                prepend apiSchemas = ["OmniRtxSettingsCommonAdvancedAPI_1", "OmniRtxSettingsRtAdvancedAPI_1", "OmniRtxSettingsPtAdvancedAPI_1", "OmniRtxPostColorGradingAPI_1", "OmniRtxPostChromaticAberrationAPI_1", "OmniRtxPostBloomPhysicalAPI_1", "OmniRtxPostMatteObjectAPI_1", "OmniRtxPostCompositingAPI_1", "OmniRtxPostDofAPI_1", "OmniRtxPostMotionBlurAPI_1", "OmniRtxPostTvNoiseAPI_1", "OmniRtxPostTonemapIrayReinhardAPI_1", "OmniRtxPostDebugSettingsAPI_1", "OmniRtxDebugSettingsAPI_1"]
                hide_in_stage_window = true
                no_delete = true
            )
            {
                rel camera = </World/kaya/base_link/XT32_SD10/PandarXT_32_10hz>
                custom string ogPostProcessPath = "/Render/OmniverseKit/HydraTextures/Replicator_26/PostRender"
                bool omni:rtx:material:db:syncLoads = 1
                bool omni:rtx:rt:ecoMode:enabled = 0
                bool omni:rtx:scene:hydra:materialSyncLoads = 1
                rel orderedVars = [
                    </Render/Vars/GenericModelOutput>,
                    </Render/Vars/RtxSensorMetadata>,
                ]
                custom bool overrideClipRange = 0
                uniform int2 resolution = (1280, 720)
            }

            def RenderProduct "Replicator_27" (
                prepend apiSchemas = ["OmniRtxSettingsCommonAdvancedAPI_1", "OmniRtxSettingsRtAdvancedAPI_1", "OmniRtxSettingsPtAdvancedAPI_1", "OmniRtxPostColorGradingAPI_1", "OmniRtxPostChromaticAberrationAPI_1", "OmniRtxPostBloomPhysicalAPI_1", "OmniRtxPostMatteObjectAPI_1", "OmniRtxPostCompositingAPI_1", "OmniRtxPostDofAPI_1", "OmniRtxPostMotionBlurAPI_1", "OmniRtxPostTvNoiseAPI_1", "OmniRtxPostTonemapIrayReinhardAPI_1", "OmniRtxPostDebugSettingsAPI_1", "OmniRtxDebugSettingsAPI_1"]
                hide_in_stage_window = true
                no_delete = true
            )
            {
                rel camera = </World/kaya/base_link/camera_mount/Camera>
                custom string ogPostProcessPath = "/Render/OmniverseKit/HydraTextures/Replicator_27/PostRender"
                bool omni:rtx:material:db:syncLoads = 1
                bool omni:rtx:rt:ecoMode:enabled = 0
                bool omni:rtx:scene:hydra:materialSyncLoads = 1
                rel orderedVars = [
                    </Render/Vars/LdrColorSD>,
                    </Render/Vars/LdrColor>,
                ]
                custom bool overrideClipRange = 0
                uniform int2 resolution = (1280, 720)
            }

            def RenderProduct "Replicator_28" (
                prepend apiSchemas = ["OmniRtxSettingsCommonAdvancedAPI_1", "OmniRtxSettingsRtAdvancedAPI_1", "OmniRtxSettingsPtAdvancedAPI_1", "OmniRtxPostColorGradingAPI_1", "OmniRtxPostChromaticAberrationAPI_1", "OmniRtxPostBloomPhysicalAPI_1", "OmniRtxPostMatteObjectAPI_1", "OmniRtxPostCompositingAPI_1", "OmniRtxPostDofAPI_1", "OmniRtxPostMotionBlurAPI_1", "OmniRtxPostTvNoiseAPI_1", "OmniRtxPostTonemapIrayReinhardAPI_1", "OmniRtxPostDebugSettingsAPI_1", "OmniRtxDebugSettingsAPI_1"]
                hide_in_stage_window = true
                no_delete = true
            )
            {
                rel camera = </World/kaya/base_link/XT32_SD10/PandarXT_32_10hz>
                custom string ogPostProcessPath = "/Render/OmniverseKit/HydraTextures/Replicator_28/PostRender"
                bool omni:rtx:material:db:syncLoads = 1
                bool omni:rtx:rt:ecoMode:enabled = 0
                bool omni:rtx:scene:hydra:materialSyncLoads = 1
                rel orderedVars = [
                    </Render/Vars/GenericModelOutput>,
                    </Render/Vars/RtxSensorMetadata>,
                ]
                custom bool overrideClipRange = 0
                uniform int2 resolution = (1280, 720)
            }

            def RenderProduct "Replicator_29" (
                prepend apiSchemas = ["OmniRtxSettingsCommonAdvancedAPI_1", "OmniRtxSettingsRtAdvancedAPI_1", "OmniRtxSettingsPtAdvancedAPI_1", "OmniRtxPostColorGradingAPI_1", "OmniRtxPostChromaticAberrationAPI_1", "OmniRtxPostBloomPhysicalAPI_1", "OmniRtxPostMatteObjectAPI_1", "OmniRtxPostCompositingAPI_1", "OmniRtxPostDofAPI_1", "OmniRtxPostMotionBlurAPI_1", "OmniRtxPostTvNoiseAPI_1", "OmniRtxPostTonemapIrayReinhardAPI_1", "OmniRtxPostDebugSettingsAPI_1", "OmniRtxDebugSettingsAPI_1"]
                hide_in_stage_window = true
                no_delete = true
            )
            {
                rel camera = </World/kaya/base_link/camera_mount/Camera>
                custom string ogPostProcessPath = "/Render/OmniverseKit/HydraTextures/Replicator_29/PostRender"
                bool omni:rtx:material:db:syncLoads = 1
                bool omni:rtx:rt:ecoMode:enabled = 0
                bool omni:rtx:scene:hydra:materialSyncLoads = 1
                rel orderedVars = [
                    </Render/Vars/LdrColorSD>,
                    </Render/Vars/LdrColor>,
                ]
                custom bool overrideClipRange = 0
                uniform int2 resolution = (1280, 720)
            }

            def RenderProduct "Replicator_30" (
                prepend apiSchemas = ["OmniRtxSettingsCommonAdvancedAPI_1", "OmniRtxSettingsRtAdvancedAPI_1", "OmniRtxSettingsPtAdvancedAPI_1", "OmniRtxPostColorGradingAPI_1", "OmniRtxPostChromaticAberrationAPI_1", "OmniRtxPostBloomPhysicalAPI_1", "OmniRtxPostMatteObjectAPI_1", "OmniRtxPostCompositingAPI_1", "OmniRtxPostDofAPI_1", "OmniRtxPostMotionBlurAPI_1", "OmniRtxPostTvNoiseAPI_1", "OmniRtxPostTonemapIrayReinhardAPI_1", "OmniRtxPostDebugSettingsAPI_1", "OmniRtxDebugSettingsAPI_1"]
                hide_in_stage_window = true
                no_delete = true
            )
            {
                rel camera = </World/kaya/base_link/camera_mount/Camera>
                bool omni:rtx:material:db:syncLoads = 1
                bool omni:rtx:rt:ecoMode:enabled = 0
                bool omni:rtx:scene:hydra:materialSyncLoads = 1
                rel orderedVars = </Render/Vars/LdrColor>
                custom bool overrideClipRange = 0
                uniform int2 resolution = (1280, 720)
            }

            def RenderProduct "Replicator_31" (
                prepend apiSchemas = ["OmniRtxSettingsCommonAdvancedAPI_1", "OmniRtxSettingsRtAdvancedAPI_1", "OmniRtxSettingsPtAdvancedAPI_1", "OmniRtxPostColorGradingAPI_1", "OmniRtxPostChromaticAberrationAPI_1", "OmniRtxPostBloomPhysicalAPI_1", "OmniRtxPostMatteObjectAPI_1", "OmniRtxPostCompositingAPI_1", "OmniRtxPostDofAPI_1", "OmniRtxPostMotionBlurAPI_1", "OmniRtxPostTvNoiseAPI_1", "OmniRtxPostTonemapIrayReinhardAPI_1", "OmniRtxPostDebugSettingsAPI_1", "OmniRtxDebugSettingsAPI_1"]
                hide_in_stage_window = true
                no_delete = true
            )
            {
                rel camera = </World/kaya/base_link/XT32_SD10/PandarXT_32_10hz>
                bool omni:rtx:material:db:syncLoads = 1
                bool omni:rtx:rt:ecoMode:enabled = 0
                bool omni:rtx:scene:hydra:materialSyncLoads = 1
                rel orderedVars = </Render/Vars/LdrColor>
                custom bool overrideClipRange = 0
                uniform int2 resolution = (1280, 720)
            }

            def RenderProduct "Replicator_32" (
                prepend apiSchemas = ["OmniRtxSettingsCommonAdvancedAPI_1", "OmniRtxSettingsRtAdvancedAPI_1", "OmniRtxSettingsPtAdvancedAPI_1", "OmniRtxPostColorGradingAPI_1", "OmniRtxPostChromaticAberrationAPI_1", "OmniRtxPostBloomPhysicalAPI_1", "OmniRtxPostMatteObjectAPI_1", "OmniRtxPostCompositingAPI_1", "OmniRtxPostDofAPI_1", "OmniRtxPostMotionBlurAPI_1", "OmniRtxPostTvNoiseAPI_1", "OmniRtxPostTonemapIrayReinhardAPI_1", "OmniRtxPostDebugSettingsAPI_1", "OmniRtxDebugSettingsAPI_1"]
                hide_in_stage_window = true
                no_delete = true
            )
            {
                rel camera = </World/kaya/base_link/camera_mount/Camera>
                custom string ogPostProcessPath = "/Render/OmniverseKit/HydraTextures/Replicator_32/PostRender"
                bool omni:rtx:material:db:syncLoads = 1
                bool omni:rtx:rt:ecoMode:enabled = 0
                bool omni:rtx:scene:hydra:materialSyncLoads = 1
                rel orderedVars = [
                    </Render/Vars/LdrColorSD>,
                    </Render/Vars/LdrColor>,
                ]
                custom bool overrideClipRange = 0
                uniform int2 resolution = (1280, 720)
            }

            def RenderProduct "Replicator_33" (
                prepend apiSchemas = ["OmniRtxSettingsCommonAdvancedAPI_1", "OmniRtxSettingsRtAdvancedAPI_1", "OmniRtxSettingsPtAdvancedAPI_1", "OmniRtxPostColorGradingAPI_1", "OmniRtxPostChromaticAberrationAPI_1", "OmniRtxPostBloomPhysicalAPI_1", "OmniRtxPostMatteObjectAPI_1", "OmniRtxPostCompositingAPI_1", "OmniRtxPostDofAPI_1", "OmniRtxPostMotionBlurAPI_1", "OmniRtxPostTvNoiseAPI_1", "OmniRtxPostTonemapIrayReinhardAPI_1", "OmniRtxPostDebugSettingsAPI_1", "OmniRtxDebugSettingsAPI_1"]
                hide_in_stage_window = true
                no_delete = true
            )
            {
                rel camera = </World/kaya/base_link/XT32_SD10/PandarXT_32_10hz>
                custom string ogPostProcessPath = "/Render/OmniverseKit/HydraTextures/Replicator_33/PostRender"
                bool omni:rtx:material:db:syncLoads = 1
                bool omni:rtx:rt:ecoMode:enabled = 0
                bool omni:rtx:scene:hydra:materialSyncLoads = 1
                rel orderedVars = [
                    </Render/Vars/GenericModelOutput>,
                    </Render/Vars/RtxSensorMetadata>,
                ]
                custom bool overrideClipRange = 0
                uniform int2 resolution = (1280, 720)
            }

            def RenderProduct "Replicator_34" (
                prepend apiSchemas = ["OmniRtxSettingsCommonAdvancedAPI_1", "OmniRtxSettingsRtAdvancedAPI_1", "OmniRtxSettingsPtAdvancedAPI_1", "OmniRtxPostColorGradingAPI_1", "OmniRtxPostChromaticAberrationAPI_1", "OmniRtxPostBloomPhysicalAPI_1", "OmniRtxPostMatteObjectAPI_1", "OmniRtxPostCompositingAPI_1", "OmniRtxPostDofAPI_1", "OmniRtxPostMotionBlurAPI_1", "OmniRtxPostTvNoiseAPI_1", "OmniRtxPostTonemapIrayReinhardAPI_1", "OmniRtxPostDebugSettingsAPI_1", "OmniRtxDebugSettingsAPI_1"]
                hide_in_stage_window = true
                no_delete = true
            )
            {
                rel camera = </World/kaya/base_link/XT32_SD10/PandarXT_32_10hz>
                custom string ogPostProcessPath = "/Render/OmniverseKit/HydraTextures/Replicator_34/PostRender"
                bool omni:rtx:material:db:syncLoads = 1
                bool omni:rtx:rt:ecoMode:enabled = 0
                bool omni:rtx:scene:hydra:materialSyncLoads = 1
                rel orderedVars = [
                    </Render/Vars/GenericModelOutput>,
                    </Render/Vars/RtxSensorMetadata>,
                ]
                custom bool overrideClipRange = 0
                uniform int2 resolution = (1280, 720)
            }

            def RenderProduct "Replicator_35" (
                prepend apiSchemas = ["OmniRtxSettingsCommonAdvancedAPI_1", "OmniRtxSettingsRtAdvancedAPI_1", "OmniRtxSettingsPtAdvancedAPI_1", "OmniRtxPostColorGradingAPI_1", "OmniRtxPostChromaticAberrationAPI_1", "OmniRtxPostBloomPhysicalAPI_1", "OmniRtxPostMatteObjectAPI_1", "OmniRtxPostCompositingAPI_1", "OmniRtxPostDofAPI_1", "OmniRtxPostMotionBlurAPI_1", "OmniRtxPostTvNoiseAPI_1", "OmniRtxPostTonemapIrayReinhardAPI_1", "OmniRtxPostDebugSettingsAPI_1", "OmniRtxDebugSettingsAPI_1"]
                hide_in_stage_window = true
                no_delete = true
            )
            {
                rel camera = </World/kaya/base_link/camera_mount/Camera>
                custom string ogPostProcessPath = "/Render/OmniverseKit/HydraTextures/Replicator_35/PostRender"
                bool omni:rtx:material:db:syncLoads = 1
                bool omni:rtx:rt:ecoMode:enabled = 0
                bool omni:rtx:scene:hydra:materialSyncLoads = 1
                rel orderedVars = [
                    </Render/Vars/LdrColorSD>,
                    </Render/Vars/LdrColor>,
                ]
                custom bool overrideClipRange = 0
                uniform int2 resolution = (1280, 720)
            }

            def RenderProduct "Replicator_36" (
                prepend apiSchemas = ["OmniRtxSettingsCommonAdvancedAPI_1", "OmniRtxSettingsRtAdvancedAPI_1", "OmniRtxSettingsPtAdvancedAPI_1", "OmniRtxPostColorGradingAPI_1", "OmniRtxPostChromaticAberrationAPI_1", "OmniRtxPostBloomPhysicalAPI_1", "OmniRtxPostMatteObjectAPI_1", "OmniRtxPostCompositingAPI_1", "OmniRtxPostDofAPI_1", "OmniRtxPostMotionBlurAPI_1", "OmniRtxPostTvNoiseAPI_1", "OmniRtxPostTonemapIrayReinhardAPI_1", "OmniRtxPostDebugSettingsAPI_1", "OmniRtxDebugSettingsAPI_1"]
                hide_in_stage_window = true
                no_delete = true
            )
            {
                rel camera = </World/kaya/base_link/XT32_SD10/PandarXT_32_10hz>
                bool omni:rtx:material:db:syncLoads = 1
                bool omni:rtx:rt:ecoMode:enabled = 0
                bool omni:rtx:scene:hydra:materialSyncLoads = 1
                rel orderedVars = </Render/Vars/LdrColor>
                custom bool overrideClipRange = 0
                uniform int2 resolution = (1280, 720)
            }

            def RenderProduct "Replicator_37" (
                prepend apiSchemas = ["OmniRtxSettingsCommonAdvancedAPI_1", "OmniRtxSettingsRtAdvancedAPI_1", "OmniRtxSettingsPtAdvancedAPI_1", "OmniRtxPostColorGradingAPI_1", "OmniRtxPostChromaticAberrationAPI_1", "OmniRtxPostBloomPhysicalAPI_1", "OmniRtxPostMatteObjectAPI_1", "OmniRtxPostCompositingAPI_1", "OmniRtxPostDofAPI_1", "OmniRtxPostMotionBlurAPI_1", "OmniRtxPostTvNoiseAPI_1", "OmniRtxPostTonemapIrayReinhardAPI_1", "OmniRtxPostDebugSettingsAPI_1", "OmniRtxDebugSettingsAPI_1"]
                hide_in_stage_window = true
                no_delete = true
            )
            {
                rel camera = </World/kaya/base_link/camera_mount/Camera>
                bool omni:rtx:material:db:syncLoads = 1
                bool omni:rtx:rt:ecoMode:enabled = 0
                bool omni:rtx:scene:hydra:materialSyncLoads = 1
                rel orderedVars = </Render/Vars/LdrColor>
                custom bool overrideClipRange = 0
                uniform int2 resolution = (1280, 720)
            }

            def RenderProduct "Replicator_38" (
                prepend apiSchemas = ["OmniRtxSettingsCommonAdvancedAPI_1", "OmniRtxSettingsRtAdvancedAPI_1", "OmniRtxSettingsPtAdvancedAPI_1", "OmniRtxPostColorGradingAPI_1", "OmniRtxPostChromaticAberrationAPI_1", "OmniRtxPostBloomPhysicalAPI_1", "OmniRtxPostMatteObjectAPI_1", "OmniRtxPostCompositingAPI_1", "OmniRtxPostDofAPI_1", "OmniRtxPostMotionBlurAPI_1", "OmniRtxPostTvNoiseAPI_1", "OmniRtxPostTonemapIrayReinhardAPI_1", "OmniRtxPostDebugSettingsAPI_1", "OmniRtxDebugSettingsAPI_1"]
                hide_in_stage_window = true
                no_delete = true
            )
            {
                rel camera = </World/kaya/base_link/lidar_layer/RPLidar_S2E>
                custom string ogPostProcessPath = "/Render/OmniverseKit/HydraTextures/Replicator_38/PostRender"
                bool omni:rtx:material:db:syncLoads = 1
                bool omni:rtx:rt:ecoMode:enabled = 0
                bool omni:rtx:scene:hydra:materialSyncLoads = 1
                rel orderedVars = [
                    </Render/Vars/GenericModelOutput>,
                    </Render/Vars/RtxSensorMetadata>,
                ]
                custom bool overrideClipRange = 0
                uniform int2 resolution = (1280, 720)
            }

            def RenderProduct "Replicator_39" (
                prepend apiSchemas = ["OmniRtxSettingsCommonAdvancedAPI_1", "OmniRtxSettingsRtAdvancedAPI_1", "OmniRtxSettingsPtAdvancedAPI_1", "OmniRtxPostColorGradingAPI_1", "OmniRtxPostChromaticAberrationAPI_1", "OmniRtxPostBloomPhysicalAPI_1", "OmniRtxPostMatteObjectAPI_1", "OmniRtxPostCompositingAPI_1", "OmniRtxPostDofAPI_1", "OmniRtxPostMotionBlurAPI_1", "OmniRtxPostTvNoiseAPI_1", "OmniRtxPostTonemapIrayReinhardAPI_1", "OmniRtxPostDebugSettingsAPI_1", "OmniRtxDebugSettingsAPI_1"]
                hide_in_stage_window = true
                no_delete = true
            )
            {
                rel camera = </World/kaya/base_link/lidar_layer/RPLidar_S2E>
                custom string ogPostProcessPath = "/Render/OmniverseKit/HydraTextures/Replicator_39/PostRender"
                bool omni:rtx:material:db:syncLoads = 1
                bool omni:rtx:rt:ecoMode:enabled = 0
                bool omni:rtx:scene:hydra:materialSyncLoads = 1
                rel orderedVars = [
                    </Render/Vars/GenericModelOutput>,
                    </Render/Vars/RtxSensorMetadata>,
                ]
                custom bool overrideClipRange = 0
                uniform int2 resolution = (1280, 720)
            }

            def RenderProduct "Replicator_40" (
                prepend apiSchemas = ["OmniRtxSettingsCommonAdvancedAPI_1", "OmniRtxSettingsRtAdvancedAPI_1", "OmniRtxSettingsPtAdvancedAPI_1", "OmniRtxPostColorGradingAPI_1", "OmniRtxPostChromaticAberrationAPI_1", "OmniRtxPostBloomPhysicalAPI_1", "OmniRtxPostMatteObjectAPI_1", "OmniRtxPostCompositingAPI_1", "OmniRtxPostDofAPI_1", "OmniRtxPostMotionBlurAPI_1", "OmniRtxPostTvNoiseAPI_1", "OmniRtxPostTonemapIrayReinhardAPI_1", "OmniRtxPostDebugSettingsAPI_1", "OmniRtxDebugSettingsAPI_1"]
                hide_in_stage_window = true
                no_delete = true
            )
            {
                rel camera = </World/kaya/base_link/lidar_layer/RPLidar_S2E>
                custom string ogPostProcessPath = "/Render/OmniverseKit/HydraTextures/Replicator_40/PostRender"
                bool omni:rtx:material:db:syncLoads = 1
                bool omni:rtx:rt:ecoMode:enabled
                bool omni:rtx:scene:hydra:materialSyncLoads = 1
                rel orderedVars = [
                    </Render/Vars/GenericModelOutput>,
                    </Render/Vars/RtxSensorMetadata>,
                ]
                custom bool overrideClipRange = 0
                uniform int2 resolution = (1280, 720)
            }

            def RenderProduct "Replicator_42" (
                prepend apiSchemas = ["OmniRtxSettingsCommonAdvancedAPI_1", "OmniRtxSettingsRtAdvancedAPI_1", "OmniRtxSettingsPtAdvancedAPI_1", "OmniRtxPostColorGradingAPI_1", "OmniRtxPostChromaticAberrationAPI_1", "OmniRtxPostBloomPhysicalAPI_1", "OmniRtxPostMatteObjectAPI_1", "OmniRtxPostCompositingAPI_1", "OmniRtxPostDofAPI_1", "OmniRtxPostMotionBlurAPI_1", "OmniRtxPostTvNoiseAPI_1", "OmniRtxPostTonemapIrayReinhardAPI_1", "OmniRtxPostDebugSettingsAPI_1", "OmniRtxDebugSettingsAPI_1"]
                hide_in_stage_window = true
                no_delete = true
            )
            {
                rel camera = </World/kaya/base_link/lidar_layer/RPLidar_S2E>
                bool omni:rtx:material:db:syncLoads = 1
                bool omni:rtx:rt:ecoMode:enabled
                bool omni:rtx:scene:hydra:materialSyncLoads = 1
                rel orderedVars = </Render/Vars/GenericModelOutput>
                custom bool overrideClipRange = 0
                uniform int2 resolution = (1280, 720)
            }

            def RenderProduct "Replicator_41" (
                prepend apiSchemas = ["OmniRtxSettingsCommonAdvancedAPI_1", "OmniRtxSettingsRtAdvancedAPI_1", "OmniRtxSettingsPtAdvancedAPI_1", "OmniRtxPostColorGradingAPI_1", "OmniRtxPostChromaticAberrationAPI_1", "OmniRtxPostBloomPhysicalAPI_1", "OmniRtxPostMatteObjectAPI_1", "OmniRtxPostCompositingAPI_1", "OmniRtxPostDofAPI_1", "OmniRtxPostMotionBlurAPI_1", "OmniRtxPostTvNoiseAPI_1", "OmniRtxPostTonemapIrayReinhardAPI_1", "OmniRtxPostDebugSettingsAPI_1", "OmniRtxDebugSettingsAPI_1"]
                hide_in_stage_window = true
                no_delete = true
            )
            {
                rel camera = </World/kaya/base_link/lidar_layer/RPLidar_S2E>
                custom string ogPostProcessPath = "/Render/OmniverseKit/HydraTextures/Replicator_41/PostRender"
                bool omni:rtx:material:db:syncLoads = 1
                bool omni:rtx:rt:ecoMode:enabled = 0
                bool omni:rtx:scene:hydra:materialSyncLoads = 1
                rel orderedVars = [
                    </Render/Vars/GenericModelOutput>,
                    </Render/Vars/RtxSensorMetadata>,
                ]
                custom bool overrideClipRange = 0
                uniform int2 resolution = (1280, 720)
            }

            def RenderProduct "Replicator_43" (
                prepend apiSchemas = ["OmniRtxSettingsCommonAdvancedAPI_1", "OmniRtxSettingsRtAdvancedAPI_1", "OmniRtxSettingsPtAdvancedAPI_1", "OmniRtxPostColorGradingAPI_1", "OmniRtxPostChromaticAberrationAPI_1", "OmniRtxPostBloomPhysicalAPI_1", "OmniRtxPostMatteObjectAPI_1", "OmniRtxPostCompositingAPI_1", "OmniRtxPostDofAPI_1", "OmniRtxPostMotionBlurAPI_1", "OmniRtxPostTvNoiseAPI_1", "OmniRtxPostTonemapIrayReinhardAPI_1", "OmniRtxPostDebugSettingsAPI_1", "OmniRtxDebugSettingsAPI_1"]
                hide_in_stage_window = true
                no_delete = true
            )
            {
                rel camera = </World/kaya/base_link/lidar_layer/RPLidar_S2E>
                custom string ogPostProcessPath = "/Render/OmniverseKit/HydraTextures/Replicator_43/PostRender"
                bool omni:rtx:material:db:syncLoads = 1
                bool omni:rtx:rt:ecoMode:enabled = 0
                bool omni:rtx:scene:hydra:materialSyncLoads = 1
                rel orderedVars = [
                    </Render/Vars/GenericModelOutput>,
                    </Render/Vars/RtxSensorMetadata>,
                ]
                custom bool overrideClipRange = 0
                uniform int2 resolution = (1280, 720)
            }

            def RenderProduct "Replicator_44" (
                prepend apiSchemas = ["OmniRtxSettingsCommonAdvancedAPI_1", "OmniRtxSettingsRtAdvancedAPI_1", "OmniRtxSettingsPtAdvancedAPI_1", "OmniRtxPostColorGradingAPI_1", "OmniRtxPostChromaticAberrationAPI_1", "OmniRtxPostBloomPhysicalAPI_1", "OmniRtxPostMatteObjectAPI_1", "OmniRtxPostCompositingAPI_1", "OmniRtxPostDofAPI_1", "OmniRtxPostMotionBlurAPI_1", "OmniRtxPostTvNoiseAPI_1", "OmniRtxPostTonemapIrayReinhardAPI_1", "OmniRtxPostDebugSettingsAPI_1", "OmniRtxDebugSettingsAPI_1"]
                hide_in_stage_window = true
                no_delete = true
            )
            {
                rel camera = </World/kaya/base_link/lidar_layer/RPLidar_S2E>
                custom string ogPostProcessPath = "/Render/OmniverseKit/HydraTextures/Replicator_44/PostRender"
                bool omni:rtx:material:db:syncLoads = 1
                bool omni:rtx:rt:ecoMode:enabled
                bool omni:rtx:scene:hydra:materialSyncLoads = 1
                rel orderedVars = [
                    </Render/Vars/GenericModelOutput>,
                    </Render/Vars/RtxSensorMetadata>,
                ]
                custom bool overrideClipRange = 0
                uniform int2 resolution = (1280, 720)
            }

            def RenderProduct "Replicator_45" (
                prepend apiSchemas = ["OmniRtxSettingsCommonAdvancedAPI_1", "OmniRtxSettingsRtAdvancedAPI_1", "OmniRtxSettingsPtAdvancedAPI_1", "OmniRtxPostColorGradingAPI_1", "OmniRtxPostChromaticAberrationAPI_1", "OmniRtxPostBloomPhysicalAPI_1", "OmniRtxPostMatteObjectAPI_1", "OmniRtxPostCompositingAPI_1", "OmniRtxPostDofAPI_1", "OmniRtxPostMotionBlurAPI_1", "OmniRtxPostTvNoiseAPI_1", "OmniRtxPostTonemapIrayReinhardAPI_1", "OmniRtxPostDebugSettingsAPI_1", "OmniRtxDebugSettingsAPI_1"]
                hide_in_stage_window = true
                no_delete = true
            )
            {
                rel camera = </OmniverseKit_Persp>
                bool omni:rtx:rt:ecoMode:enabled = 0
                rel orderedVars = </Render/Vars/LdrColor>
                custom bool overrideClipRange = 0
                uniform int2 resolution = (1280, 720)
            }

            def RenderProduct "Replicator_46" (
                prepend apiSchemas = ["OmniRtxSettingsCommonAdvancedAPI_1", "OmniRtxSettingsRtAdvancedAPI_1", "OmniRtxSettingsPtAdvancedAPI_1", "OmniRtxPostColorGradingAPI_1", "OmniRtxPostChromaticAberrationAPI_1", "OmniRtxPostBloomPhysicalAPI_1", "OmniRtxPostMatteObjectAPI_1", "OmniRtxPostCompositingAPI_1", "OmniRtxPostDofAPI_1", "OmniRtxPostMotionBlurAPI_1", "OmniRtxPostTvNoiseAPI_1", "OmniRtxPostTonemapIrayReinhardAPI_1", "OmniRtxPostDebugSettingsAPI_1", "OmniRtxDebugSettingsAPI_1"]
                hide_in_stage_window = true
                no_delete = true
            )
            {
                rel camera = </OmniverseKit_Persp>
                custom string ogPostProcessPath = "/Render/OmniverseKit/HydraTextures/Replicator_46/PostRender"
                bool omni:rtx:material:db:syncLoads = 1
                bool omni:rtx:rt:ecoMode:enabled = 0
                bool omni:rtx:scene:hydra:materialSyncLoads = 1
                rel orderedVars = [
                    </Render/Vars/GenericModelOutput>,
                    </Render/Vars/RtxSensorMetadata>,
                    </Render/Vars/LdrColor>,
                ]
                custom bool overrideClipRange = 0
                uniform int2 resolution = (1280, 720)
            }

            def RenderProduct "Replicator_47" (
                prepend apiSchemas = ["OmniRtxSettingsCommonAdvancedAPI_1", "OmniRtxSettingsRtAdvancedAPI_1", "OmniRtxSettingsPtAdvancedAPI_1", "OmniRtxPostColorGradingAPI_1", "OmniRtxPostChromaticAberrationAPI_1", "OmniRtxPostBloomPhysicalAPI_1", "OmniRtxPostMatteObjectAPI_1", "OmniRtxPostCompositingAPI_1", "OmniRtxPostDofAPI_1", "OmniRtxPostMotionBlurAPI_1", "OmniRtxPostTvNoiseAPI_1", "OmniRtxPostTonemapIrayReinhardAPI_1", "OmniRtxPostDebugSettingsAPI_1", "OmniRtxDebugSettingsAPI_1"]
                hide_in_stage_window = true
                no_delete = true
            )
            {
                rel camera = </World/kaya/base_link/lidar_layer/RPLidar_S2E>
                bool omni:rtx:material:db:syncLoads = 1
                bool omni:rtx:rt:ecoMode:enabled = 0
                bool omni:rtx:scene:hydra:materialSyncLoads = 1
                rel orderedVars = </Render/Vars/LdrColor>
                custom bool overrideClipRange = 0
                uniform int2 resolution = (1280, 720)
            }

            def RenderProduct "Replicator_48" (
                prepend apiSchemas = ["OmniRtxSettingsCommonAdvancedAPI_1", "OmniRtxSettingsRtAdvancedAPI_1", "OmniRtxSettingsPtAdvancedAPI_1", "OmniRtxPostColorGradingAPI_1", "OmniRtxPostChromaticAberrationAPI_1", "OmniRtxPostBloomPhysicalAPI_1", "OmniRtxPostMatteObjectAPI_1", "OmniRtxPostCompositingAPI_1", "OmniRtxPostDofAPI_1", "OmniRtxPostMotionBlurAPI_1", "OmniRtxPostTvNoiseAPI_1", "OmniRtxPostTonemapIrayReinhardAPI_1", "OmniRtxPostDebugSettingsAPI_1", "OmniRtxDebugSettingsAPI_1"]
                hide_in_stage_window = true
                no_delete = true
            )
            {
                rel camera = </World/kaya/base_link/lidar_layer/RPLidar_S2E>
                custom string ogPostProcessPath = "/Render/OmniverseKit/HydraTextures/Replicator_48/PostRender"
                bool omni:rtx:material:db:syncLoads = 1
                bool omni:rtx:rt:ecoMode:enabled = 0
                bool omni:rtx:scene:hydra:materialSyncLoads = 1
                rel orderedVars = [
                    </Render/Vars/GenericModelOutput>,
                    </Render/Vars/RtxSensorMetadata>,
                ]
                custom bool overrideClipRange = 0
                uniform int2 resolution = (1280, 720)
            }

            def RenderProduct "Replicator_49" (
                prepend apiSchemas = ["OmniRtxSettingsCommonAdvancedAPI_1", "OmniRtxSettingsRtAdvancedAPI_1", "OmniRtxSettingsPtAdvancedAPI_1", "OmniRtxPostColorGradingAPI_1", "OmniRtxPostChromaticAberrationAPI_1", "OmniRtxPostBloomPhysicalAPI_1", "OmniRtxPostMatteObjectAPI_1", "OmniRtxPostCompositingAPI_1", "OmniRtxPostDofAPI_1", "OmniRtxPostMotionBlurAPI_1", "OmniRtxPostTvNoiseAPI_1", "OmniRtxPostTonemapIrayReinhardAPI_1", "OmniRtxPostDebugSettingsAPI_1", "OmniRtxDebugSettingsAPI_1"]
                hide_in_stage_window = true
                no_delete = true
            )
            {
                rel camera = </World/kaya/base_link/lidar_layer/RPLidar_S2E>
                custom string ogPostProcessPath = "/Render/OmniverseKit/HydraTextures/Replicator_49/PostRender"
                bool omni:rtx:material:db:syncLoads = 1
                bool omni:rtx:rt:ecoMode:enabled
                bool omni:rtx:scene:hydra:materialSyncLoads = 1
                rel orderedVars = [
                    </Render/Vars/GenericModelOutput>,
                    </Render/Vars/RtxSensorMetadata>,
                ]
                custom bool overrideClipRange = 0
                uniform int2 resolution = (1280, 720)
            }

            def RenderProduct "Replicator_50" (
                prepend apiSchemas = ["OmniRtxSettingsCommonAdvancedAPI_1", "OmniRtxSettingsRtAdvancedAPI_1", "OmniRtxSettingsPtAdvancedAPI_1", "OmniRtxPostColorGradingAPI_1", "OmniRtxPostChromaticAberrationAPI_1", "OmniRtxPostBloomPhysicalAPI_1", "OmniRtxPostMatteObjectAPI_1", "OmniRtxPostCompositingAPI_1", "OmniRtxPostDofAPI_1", "OmniRtxPostMotionBlurAPI_1", "OmniRtxPostTvNoiseAPI_1", "OmniRtxPostTonemapIrayReinhardAPI_1", "OmniRtxPostDebugSettingsAPI_1", "OmniRtxDebugSettingsAPI_1"]
                hide_in_stage_window = true
                no_delete = true
            )
            {
                rel camera = </World/kaya/base_link/lidar_layer/RPLidar_S2E>
                bool omni:rtx:material:db:syncLoads = 1
                bool omni:rtx:rt:ecoMode:enabled
                bool omni:rtx:scene:hydra:materialSyncLoads = 1
                rel orderedVars = </Render/Vars/LdrColor>
                custom bool overrideClipRange = 0
                uniform int2 resolution = (1280, 720)
            }

            def RenderProduct "Replicator_51" (
                prepend apiSchemas = ["OmniRtxSettingsCommonAdvancedAPI_1", "OmniRtxSettingsRtAdvancedAPI_1", "OmniRtxSettingsPtAdvancedAPI_1", "OmniRtxPostColorGradingAPI_1", "OmniRtxPostChromaticAberrationAPI_1", "OmniRtxPostBloomPhysicalAPI_1", "OmniRtxPostMatteObjectAPI_1", "OmniRtxPostCompositingAPI_1", "OmniRtxPostDofAPI_1", "OmniRtxPostMotionBlurAPI_1", "OmniRtxPostTvNoiseAPI_1", "OmniRtxPostTonemapIrayReinhardAPI_1", "OmniRtxPostDebugSettingsAPI_1", "OmniRtxDebugSettingsAPI_1"]
                hide_in_stage_window = true
                no_delete = true
            )
            {
                rel camera = </World/kaya/base_link/lidar_layer/RPLidar_S2E>
                bool omni:rtx:material:db:syncLoads = 1
                bool omni:rtx:rt:ecoMode:enabled
                bool omni:rtx:scene:hydra:materialSyncLoads = 1
                rel orderedVars = </Render/Vars/LdrColor>
                custom bool overrideClipRange = 0
                uniform int2 resolution = (1280, 720)
            }

            def RenderProduct "Replicator_52" (
                prepend apiSchemas = ["OmniRtxSettingsCommonAdvancedAPI_1", "OmniRtxSettingsRtAdvancedAPI_1", "OmniRtxSettingsPtAdvancedAPI_1", "OmniRtxPostColorGradingAPI_1", "OmniRtxPostChromaticAberrationAPI_1", "OmniRtxPostBloomPhysicalAPI_1", "OmniRtxPostMatteObjectAPI_1", "OmniRtxPostCompositingAPI_1", "OmniRtxPostDofAPI_1", "OmniRtxPostMotionBlurAPI_1", "OmniRtxPostTvNoiseAPI_1", "OmniRtxPostTonemapIrayReinhardAPI_1", "OmniRtxPostDebugSettingsAPI_1", "OmniRtxDebugSettingsAPI_1"]
                hide_in_stage_window = true
                no_delete = true
            )
            {
                rel camera = </World/kaya/base_link/lidar_layer/RPLidar_S2E>
                custom string ogPostProcessPath = "/Render/OmniverseKit/HydraTextures/Replicator_52/PostRender"
                bool omni:rtx:material:db:syncLoads = 1
                bool omni:rtx:rt:ecoMode:enabled = 0
                bool omni:rtx:scene:hydra:materialSyncLoads = 1
                rel orderedVars = [
                    </Render/Vars/GenericModelOutput>,
                    </Render/Vars/RtxSensorMetadata>,
                ]
                custom bool overrideClipRange = 0
                uniform int2 resolution = (1280, 720)
            }

            def RenderProduct "Replicator_53" (
                prepend apiSchemas = ["OmniRtxSettingsCommonAdvancedAPI_1", "OmniRtxSettingsRtAdvancedAPI_1", "OmniRtxSettingsPtAdvancedAPI_1", "OmniRtxPostColorGradingAPI_1", "OmniRtxPostChromaticAberrationAPI_1", "OmniRtxPostBloomPhysicalAPI_1", "OmniRtxPostMatteObjectAPI_1", "OmniRtxPostCompositingAPI_1", "OmniRtxPostDofAPI_1", "OmniRtxPostMotionBlurAPI_1", "OmniRtxPostTvNoiseAPI_1", "OmniRtxPostTonemapIrayReinhardAPI_1", "OmniRtxPostDebugSettingsAPI_1", "OmniRtxDebugSettingsAPI_1"]
                hide_in_stage_window = true
                no_delete = true
            )
            {
                rel camera = </World/kaya/base_link/lidar_layer/RPLidar_S2E>
                custom string ogPostProcessPath = "/Render/OmniverseKit/HydraTextures/Replicator_53/PostRender"
                bool omni:rtx:material:db:syncLoads = 1
                bool omni:rtx:rt:ecoMode:enabled = 0
                bool omni:rtx:scene:hydra:materialSyncLoads = 1
                rel orderedVars = [
                    </Render/Vars/GenericModelOutput>,
                    </Render/Vars/RtxSensorMetadata>,
                ]
                custom bool overrideClipRange = 0
                uniform int2 resolution = (1280, 720)
            }

            def RenderProduct "Replicator_54" (
                prepend apiSchemas = ["OmniRtxSettingsCommonAdvancedAPI_1", "OmniRtxSettingsRtAdvancedAPI_1", "OmniRtxSettingsPtAdvancedAPI_1", "OmniRtxPostColorGradingAPI_1", "OmniRtxPostChromaticAberrationAPI_1", "OmniRtxPostBloomPhysicalAPI_1", "OmniRtxPostMatteObjectAPI_1", "OmniRtxPostCompositingAPI_1", "OmniRtxPostDofAPI_1", "OmniRtxPostMotionBlurAPI_1", "OmniRtxPostTvNoiseAPI_1", "OmniRtxPostTonemapIrayReinhardAPI_1", "OmniRtxPostDebugSettingsAPI_1", "OmniRtxDebugSettingsAPI_1"]
                hide_in_stage_window = true
                no_delete = true
            )
            {
                rel camera = </World/kaya/base_link/lidar_layer/RPLidar_S2E>
                custom string ogPostProcessPath = "/Render/OmniverseKit/HydraTextures/Replicator_54/PostRender"
                bool omni:rtx:material:db:syncLoads = 1
                bool omni:rtx:rt:ecoMode:enabled = 0
                bool omni:rtx:scene:hydra:materialSyncLoads = 1
                rel orderedVars = [
                    </Render/Vars/GenericModelOutput>,
                    </Render/Vars/RtxSensorMetadata>,
                ]
                custom bool overrideClipRange = 0
                uniform int2 resolution = (1280, 720)
            }
        }
    }

    def RenderSettings "OmniverseGlobalRenderSettings" (
        prepend apiSchemas = ["OmniRtxSettingsGlobalRtAdvancedAPI_1", "OmniRtxSettingsGlobalPtAdvancedAPI_1"]
        no_delete = true
    )
    {
        rel products = [
            </Render/OmniverseKit/HydraTextures/omni_kit_widget_viewport_ViewportTexture_0>,
            </Render/OmniverseKit/HydraTextures/omni_kit_widget_viewport_ViewportTexture_1>,
            </Render/OmniverseKit/HydraTextures/Replicator>,
            </Render/OmniverseKit/HydraTextures/Replicator_01>,
            </Render/OmniverseKit/HydraTextures/Replicator_02>,
            </Render/OmniverseKit/HydraTextures/Replicator_03>,
            </Render/OmniverseKit/HydraTextures/Replicator_04>,
            </Render/OmniverseKit/HydraTextures/Replicator_05>,
            </Render/OmniverseKit/HydraTextures/Replicator_06>,
            </Render/OmniverseKit/HydraTextures/Replicator_07>,
            </Render/OmniverseKit/HydraTextures/Replicator_08>,
            </Render/OmniverseKit/HydraTextures/Replicator_09>,
            </Render/OmniverseKit/HydraTextures/Replicator_10>,
            </Render/OmniverseKit/HydraTextures/Replicator_11>,
            </Render/OmniverseKit/HydraTextures/Replicator_12>,
            </Render/OmniverseKit/HydraTextures/Replicator_13>,
            </Render/OmniverseKit/HydraTextures/Replicator_18>,
            </Render/OmniverseKit/HydraTextures/Replicator_19>,
            </Render/OmniverseKit/HydraTextures/Replicator_20>,
            </Render/OmniverseKit/HydraTextures/Replicator_21>,
            </Render/OmniverseKit/HydraTextures/Replicator_14>,
            </Render/OmniverseKit/HydraTextures/Replicator_15>,
            </Render/OmniverseKit/HydraTextures/Replicator_16>,
            </Render/OmniverseKit/HydraTextures/Replicator_17>,
            </Render/OmniverseKit/HydraTextures/Replicator_22>,
            </Render/OmniverseKit/HydraTextures/Replicator_23>,
            </Render/OmniverseKit/HydraTextures/Replicator_24>,
            </Render/OmniverseKit/HydraTextures/Replicator_25>,
            </Render/OmniverseKit/HydraTextures/Replicator_26>,
            </Render/OmniverseKit/HydraTextures/Replicator_27>,
            </Render/OmniverseKit/HydraTextures/Replicator_28>,
            </Render/OmniverseKit/HydraTextures/Replicator_29>,
            </Render/OmniverseKit/HydraTextures/Replicator_30>,
            </Render/OmniverseKit/HydraTextures/Replicator_31>,
            </Render/OmniverseKit/HydraTextures/Replicator_32>,
            </Render/OmniverseKit/HydraTextures/Replicator_33>,
            </Render/OmniverseKit/HydraTextures/Replicator_34>,
            </Render/OmniverseKit/HydraTextures/Replicator_35>,
            </Render/OmniverseKit/HydraTextures/Replicator_36>,
            </Render/OmniverseKit/HydraTextures/Replicator_37>,
            </Render/OmniverseKit/HydraTextures/Replicator_38>,
            </Render/OmniverseKit/HydraTextures/Replicator_39>,
            </Render/OmniverseKit/HydraTextures/Replicator_40>,
            </Render/OmniverseKit/HydraTextures/Replicator_42>,
            </Render/OmniverseKit/HydraTextures/Replicator_41>,
            </Render/OmniverseKit/HydraTextures/Replicator_43>,
            </Render/OmniverseKit/HydraTextures/Replicator_44>,
            </Render/OmniverseKit/HydraTextures/Replicator_45>,
            </Render/OmniverseKit/HydraTextures/Replicator_46>,
            </Render/OmniverseKit/HydraTextures/Replicator_47>,
            </Render/OmniverseKit/HydraTextures/Replicator_48>,
            </Render/OmniverseKit/HydraTextures/Replicator_49>,
            </Render/OmniverseKit/HydraTextures/Replicator_50>,
            </Render/OmniverseKit/HydraTextures/Replicator_51>,
            </Render/OmniverseKit/HydraTextures/Replicator_52>,
            </Render/OmniverseKit/HydraTextures/Replicator_53>,
            </Render/OmniverseKit/HydraTextures/Replicator_54>,
        ]
    }

    def "Vars"
    {
        def RenderVar "LdrColor" (
            hide_in_stage_window = true
            no_delete = true
        )
        {
            uniform string sourceName = "LdrColor"
        }
    }

    over "PostProcess"
    {
        over "SDGPipeline"
        {
            over "Replicator_40_IsaacComputeRTXLidarFlatScan"
            {
                custom token inputs:renderProductPath = "/Render/OmniverseKit/HydraTextures/Replicator_40"
                delete token inputs:renderProductPath.connect = </Render/PostProcess/SDGPipeline/Replicator_40_PostProcessDispatch.outputs:renderProductPath>
            }

            over "Replicator_40_NodeWriterWriter"
            {
                custom uint inputs:execIn
                delete uint inputs:execIn.connect = </Render/PostProcess/SDGPipeline/WriterSyncGate.outputs:execOut>
            }

            over "Replicator_41_PostProcessDispatch"
            {
                custom uint inputs:exec
                delete uint inputs:exec.connect = </Render/PostProcess/SDGPipeline/DispatchSync.outputs:exec>
            }

            over "Replicator_48_IsaacComputeRTXLidarFlatScan"
            {
                custom token inputs:renderProductPath = "/Render/OmniverseKit/HydraTextures/Replicator_48"
                delete token inputs:renderProductPath.connect = </Render/PostProcess/SDGPipeline/Replicator_48_PostProcessDispatch.outputs:renderProductPath>
            }
        }
    }
}

def "Graph"
{
    def OmniGraph "ROS_Odometry" (
        active = false
    )
    {
        token evaluationMode = "Automatic"
        token evaluator:type = "execution"
        token fabricCacheBacking = "StageWithoutHistory"
        int2 fileFormatVersion = (1, 9)
        token pipelineStage = "pipelineStageSimulation"

        def OmniGraphNode "OnPlaybackTick"
        {
            token node:type = "omni.graph.action.OnPlaybackTick"
            int node:typeVersion = 2
            custom double outputs:deltaSeconds
            custom double outputs:frame
            custom uint outputs:tick (
                customData = {
                    bool isExecution = 1
                }
            )
            custom double outputs:time
        }

        def OmniGraphNode "Context"
        {
            custom uchar inputs:domain_id
            custom bool inputs:useDomainIDEnvVar
            token node:type = "isaacsim.ros2.bridge.ROS2Context"
            int node:typeVersion = 2
            custom uint64 outputs:context
        }

        def OmniGraphNode "ReadSimTime"
        {
            custom uint64 inputs:referenceTimeDenominator
            custom int64 inputs:referenceTimeNumerator
            custom bool inputs:resetOnStop = 0
            token node:type = "isaacsim.core.nodes.IsaacReadSimulationTime"
            int node:typeVersion = 1
            custom double outputs:simulationTime
        }

        def OmniGraphNode "TFWorld2Odom" (
            prepend apiSchemas = ["NodeGraphNodeAPI"]
        )
        {
            custom string inputs:childFrameId = "base_link"
            custom uint64 inputs:context
            prepend uint64 inputs:context.connect = </Graph/ROS_Odometry/Context.outputs:context>
            custom uint inputs:execIn (
                customData = {
                    bool isExecution = 1
                }
            )
            prepend uint inputs:execIn.connect = </Graph/ROS_Odometry/OnPlaybackTick.outputs:tick>
            custom string inputs:nodeNamespace = ""
            prepend string inputs:nodeNamespace.connect = </Graph/ROS_Odometry/constant_string.inputs:value>
            custom string inputs:parentFrameId = "odom"
            custom string inputs:qosProfile
            prepend string inputs:qosProfile.connect = </Graph/ROS_Odometry/ros2_qos_profile.outputs:qosProfile>
            custom uint64 inputs:queueSize
            custom quatd inputs:rotation
            custom bool inputs:staticPublisher
            custom double inputs:timeStamp
            prepend double inputs:timeStamp.connect = </Graph/ROS_Odometry/ReadSimTime.outputs:simulationTime>
            custom string inputs:topicName = "/tf"
            custom vector3d inputs:translation
            token node:type = "isaacsim.ros2.bridge.ROS2PublishRawTransformTree"
            int node:typeVersion = 1
            uniform float2 ui:nodegraph:node:pos = (323.6052, -992.9608)
        }

        def OmniGraphNode "ComputeOdometry"
        {
            custom rel inputs:chassisPrim = </World/kaya> (
                customData = {
                    dictionary omni = {
                        dictionary graph = {
                            string relType = "target"
                        }
                    }
                }
            )
            custom uint inputs:execIn (
                customData = {
                    bool isExecution = 1
                }
            )
            prepend uint inputs:execIn.connect = </Graph/ROS_Odometry/OnPlaybackTick.outputs:tick>
            token node:type = "isaacsim.core.nodes.IsaacComputeOdometry"
            int node:typeVersion = 1
            custom vector3d outputs:angularAcceleration
            custom vector3d outputs:angularVelocity
            custom uint outputs:execOut (
                customData = {
                    bool isExecution = 1
                }
            )
            custom vector3d outputs:globalLinearAcceleration
            custom vector3d outputs:globalLinearVelocity
            custom vector3d outputs:linearAcceleration
            custom vector3d outputs:linearVelocity
            custom quatd outputs:orientation
            custom vector3d outputs:position
        }

        def OmniGraphNode "PublisherOdometry" (
            prepend apiSchemas = ["NodeGraphNodeAPI"]
        )
        {
            custom vector3d inputs:angularVelocity
            prepend vector3d inputs:angularVelocity.connect = </Graph/ROS_Odometry/ComputeOdometry.outputs:angularVelocity>
            custom string inputs:chassisFrameId = "base_link"
            custom uint64 inputs:context
            prepend uint64 inputs:context.connect = </Graph/ROS_Odometry/Context.outputs:context>
            custom uint inputs:execIn (
                customData = {
                    bool isExecution = 1
                }
            )
            prepend uint inputs:execIn.connect = </Graph/ROS_Odometry/ComputeOdometry.outputs:execOut>
            custom vector3d inputs:linearVelocity
            prepend vector3d inputs:linearVelocity.connect = </Graph/ROS_Odometry/ComputeOdometry.outputs:linearVelocity>
            custom string inputs:nodeNamespace = ""
            prepend string inputs:nodeNamespace.connect = </Graph/ROS_Odometry/constant_string.inputs:value>
            custom string inputs:odomFrameId = "odom"
            custom quatd inputs:orientation
            prepend quatd inputs:orientation.connect = </Graph/ROS_Odometry/ComputeOdometry.outputs:orientation>
            custom vector3d inputs:position
            prepend vector3d inputs:position.connect = </Graph/ROS_Odometry/ComputeOdometry.outputs:position>
            custom bool inputs:publishRawVelocities
            custom string inputs:qosProfile
            prepend string inputs:qosProfile.connect = </Graph/ROS_Odometry/ros2_qos_profile.outputs:qosProfile>
            custom uint64 inputs:queueSize
            custom vector3d inputs:robotFront
            custom double inputs:timeStamp
            prepend double inputs:timeStamp.connect = </Graph/ROS_Odometry/ReadSimTime.outputs:simulationTime>
            custom string inputs:topicName = "/odom"
            token node:type = "isaacsim.ros2.bridge.ROS2PublishOdometry"
            int node:typeVersion = 1
            uniform float2 ui:nodegraph:node:pos = (340.05673, 161.32536)
        }

        def OmniGraphNode "TFRobot" (
            prepend apiSchemas = ["NodeGraphNodeAPI"]
        )
        {
            custom uint64 inputs:context
            prepend uint64 inputs:context.connect = </Graph/ROS_Odometry/Context.outputs:context>
            custom uint inputs:execIn (
                customData = {
                    bool isExecution = 1
                }
            )
            prepend uint inputs:execIn.connect = </Graph/ROS_Odometry/OnPlaybackTick.outputs:tick>
            custom string inputs:nodeNamespace = ""
            prepend string inputs:nodeNamespace.connect = </Graph/ROS_Odometry/constant_string.inputs:value>
            custom rel inputs:parentPrim = </World/kaya/base_link> (
                customData = {
                    dictionary omni = {
                        dictionary graph = {
                            string relType = "target"
                        }
                    }
                }
            )
            custom string inputs:qosProfile
            prepend string inputs:qosProfile.connect = </Graph/ROS_Odometry/ros2_qos_profile.outputs:qosProfile>
            custom uint64 inputs:queueSize
            custom bool inputs:staticPublisher
            custom rel inputs:targetPrims = </World/kaya> (
                customData = {
                    dictionary omni = {
                        dictionary graph = {
                            string relType = "target"
                        }
                    }
                }
            )
            custom double inputs:timeStamp
            prepend double inputs:timeStamp.connect = </Graph/ROS_Odometry/ReadSimTime.outputs:simulationTime>
            custom string inputs:topicName = "/tf"
            token node:type = "isaacsim.ros2.bridge.ROS2PublishTransformTree"
            int node:typeVersion = 1
            uniform float2 ui:nodegraph:node:pos = (413.15585, 738.4755)
        }

        def OmniGraphNode "constant_string" (
            prepend apiSchemas = ["NodeGraphNodeAPI"]
        )
        {
            custom string inputs:value
            token node:type = "omni.graph.nodes.ConstantString"
            int node:typeVersion = 1
            uniform token ui:nodegraph:node:expansionState = "open"
            uniform float2 ui:nodegraph:node:pos = (-264.83502, -369.2403)
        }

        def OmniGraphNode "ros2_qos_profile" (
            prepend apiSchemas = ["NodeGraphNodeAPI"]
        )
        {
            custom token inputs:createProfile (
                allowedTokens = ["Default for publishers/subscribers", "Services", "Sensor Data", "System Default", "Custom"]
            )
            custom double inputs:deadline
            custom uint64 inputs:depth
            custom token inputs:durability (
                allowedTokens = ["systemDefault", "transientLocal", "volatile", "unknown"]
            )
            custom token inputs:history (
                allowedTokens = ["systemDefault", "keepLast", "keepAll", "unknown"]
            )
            custom double inputs:leaseDuration
            custom double inputs:lifespan
            custom token inputs:liveliness (
                allowedTokens = ["systemDefault", "automatic", "manualByTopic", "unknown"]
            )
            custom token inputs:reliability (
                allowedTokens = ["systemDefault", "reliable", "bestEffort", "unknown"]
            )
            token node:type = "isaacsim.ros2.bridge.ROS2QoSProfile"
            int node:typeVersion = 1
            custom string outputs:qosProfile
            uniform token ui:nodegraph:node:expansionState = "open"
            uniform float2 ui:nodegraph:node:pos = (794.1002, -316.5892)
        }

        def OmniGraphNode "ros2_publish_transform_tree" (
            prepend apiSchemas = ["NodeGraphNodeAPI"]
        )
        {
            custom uint64 inputs:context
            prepend uint64 inputs:context.connect = </Graph/ROS_Odometry/Context.outputs:context>
            custom uint inputs:execIn (
                customData = {
                    bool isExecution = 1
                }
            )
            prepend uint inputs:execIn.connect = </Graph/ROS_Odometry/OnPlaybackTick.outputs:tick>
            custom string inputs:nodeNamespace
            prepend string inputs:nodeNamespace.connect = </Graph/ROS_Odometry/constant_string.inputs:value>
            custom rel inputs:parentPrim = </World/kaya/base_link> (
                customData = {
                    dictionary omni = {
                        dictionary graph = {
                            string relType = "target"
                        }
                    }
                }
            )
            custom string inputs:qosProfile
            prepend string inputs:qosProfile.connect = </Graph/ROS_Odometry/ros2_qos_profile.outputs:qosProfile>
            custom uint64 inputs:queueSize
            custom bool inputs:staticPublisher
            custom rel inputs:targetPrims = [
                </World/kaya/axle_0>,
                </World/kaya/axle_1>,
                </World/kaya/axle_2>,
            ] (
                customData = {
                    dictionary omni = {
                        dictionary graph = {
                            string relType = "target"
                        }
                    }
                }
            )
            custom double inputs:timeStamp
            prepend double inputs:timeStamp.connect = </Graph/ROS_Odometry/ReadSimTime.outputs:simulationTime>
            custom string inputs:topicName = "/tf"
            token node:type = "isaacsim.ros2.bridge.ROS2PublishTransformTree"
            int node:typeVersion = 1
            uniform token ui:nodegraph:node:expansionState = "open"
            uniform float2 ui:nodegraph:node:pos = (326.42172, -622.92004)
        }

        def OmniGraphNode "ros2_publish_transform_tree_01" (
            prepend apiSchemas = ["NodeGraphNodeAPI"]
        )
        {
            custom uint64 inputs:context
            prepend uint64 inputs:context.connect = </Graph/ROS_Odometry/Context.outputs:context>
            custom uint inputs:execIn (
                customData = {
                    bool isExecution = 1
                }
            )
            prepend uint inputs:execIn.connect = </Graph/ROS_Odometry/OnPlaybackTick.outputs:tick>
            custom string inputs:nodeNamespace
            prepend string inputs:nodeNamespace.connect = </Graph/ROS_Odometry/constant_string.inputs:value>
            custom rel inputs:parentPrim = </World/kaya/base_link> (
                customData = {
                    dictionary omni = {
                        dictionary graph = {
                            string relType = "target"
                        }
                    }
                }
            )
            custom string inputs:qosProfile
            prepend string inputs:qosProfile.connect = </Graph/ROS_Odometry/ros2_qos_profile.outputs:qosProfile>
            custom uint64 inputs:queueSize
            custom bool inputs:staticPublisher
            custom rel inputs:targetPrims = </World/kaya/base_link/lidar_layer/RPLidar_S2E> (
                customData = {
                    dictionary omni = {
                        dictionary graph = {
                            string relType = "target"
                        }
                    }
                }
            )
            custom double inputs:timeStamp
            prepend double inputs:timeStamp.connect = </Graph/ROS_Odometry/ReadSimTime.outputs:simulationTime>
            custom string inputs:topicName = "/tf"
            token node:type = "isaacsim.ros2.bridge.ROS2PublishTransformTree"
            int node:typeVersion = 1
            uniform token ui:nodegraph:node:expansionState = "open"
            uniform float2 ui:nodegraph:node:pos = (328.51706, -235.7186)
        }
    }

    def OmniGraph "Main_ActionGraph"
    {
        token evaluationMode = "Automatic"
        token evaluator:type = "execution"
        token fabricCacheBacking = "StageWithoutHistory"
        int2 fileFormatVersion = (1, 9)
        token pipelineStage = "pipelineStageSimulation"

        def OmniGraphNode "on_playback_tick" (
            prepend apiSchemas = ["NodeGraphNodeAPI"]
        )
        {
            token node:type = "omni.graph.action.OnPlaybackTick"
            int node:typeVersion = 2
            custom double outputs:deltaSeconds
            custom double outputs:frame
            custom uint outputs:tick (
                customData = {
                    bool isExecution = 1
                }
            )
            custom double outputs:time
            uniform token ui:nodegraph:node:expansionState = "open"
            uniform float2 ui:nodegraph:node:pos = (-3276.9075, 137.31207)
        }

        def OmniGraphNode "ros2_subscribe_twist" (
            prepend apiSchemas = ["NodeGraphNodeAPI"]
        )
        {
            custom uint64 inputs:context
            prepend uint64 inputs:context.connect = </Graph/Main_ActionGraph/ros2_context.outputs:context>
            custom uint inputs:execIn (
                customData = {
                    bool isExecution = 1
                }
            )
            prepend uint inputs:execIn.connect = </Graph/Main_ActionGraph/on_playback_tick.outputs:tick>
            custom string inputs:nodeNamespace
            custom string inputs:qosProfile
            custom uint64 inputs:queueSize
            custom string inputs:topicName
            token node:type = "isaacsim.ros2.bridge.ROS2SubscribeTwist"
            int node:typeVersion = 1
            custom vector3d outputs:angularVelocity
            custom uint outputs:execOut (
                customData = {
                    bool isExecution = 1
                }
            )
            custom vector3d outputs:linearVelocity
            uniform token ui:nodegraph:node:expansionState = "open"
            uniform float2 ui:nodegraph:node:pos = (-2065.7087, 367.60883)
        }

        def OmniGraphNode "usd_setup_holonomic_robot" (
            prepend apiSchemas = ["NodeGraphNodeAPI"]
        )
        {
            custom rel inputs:comPrim = </World/kaya> (
                customData = {
                    dictionary omni = {
                        dictionary graph = {
                            string relType = "target"
                        }
                    }
                }
            )
            custom token inputs:comPrimPath
            custom rel inputs:robotPrim = </World/kaya/base_link> (
                customData = {
                    dictionary omni = {
                        dictionary graph = {
                            string relType = "target"
                        }
                    }
                }
            )
            custom token inputs:robotPrimPath = "/World/kaya"
            custom bool inputs:usePath = 1
            token node:type = "isaacsim.robot.wheeled_robots.HolonomicRobotUsdSetup"
            int node:typeVersion = 1
            custom double[] outputs:mecanumAngles
            custom double3 outputs:upAxis
            custom double3 outputs:wheelAxis
            custom token[] outputs:wheelDofNames
            custom double4[] outputs:wheelOrientations
            custom double3[] outputs:wheelPositions
            custom double[] outputs:wheelRadius
            uniform token ui:nodegraph:node:expansionState = "open"
            uniform float2 ui:nodegraph:node:pos = (-2334.7056, 942.2211)
        }

        def OmniGraphNode "ros2_context" (
            prepend apiSchemas = ["NodeGraphNodeAPI"]
        )
        {
            custom uchar inputs:domain_id
            custom bool inputs:useDomainIDEnvVar
            token node:type = "isaacsim.ros2.bridge.ROS2Context"
            int node:typeVersion = 2
            custom uint64 outputs:context
            uniform token ui:nodegraph:node:expansionState = "open"
            uniform float2 ui:nodegraph:node:pos = (-2475.791, 171.05257)
        }

        def OmniGraphNode "break_3_vector" (
            prepend apiSchemas = ["NodeGraphNodeAPI"]
        )
        {
            custom token inputs:tuple
            prepend token inputs:tuple.connect = </Graph/Main_ActionGraph/scale_to_from_stage_units.outputs:result>
            token node:type = "omni.graph.nodes.BreakVector3"
            int node:typeVersion = 1
            custom token outputs:x
            custom token outputs:y
            custom token outputs:z
            uniform token ui:nodegraph:node:expansionState = "open"
            uniform float2 ui:nodegraph:node:pos = (-1555.6582, 217.90077)
        }

        def OmniGraphNode "scale_to_from_stage_units" (
            prepend apiSchemas = ["NodeGraphNodeAPI"]
        )
        {
            custom token inputs:conversion (
                allowedTokens = ["Convert to stage units", "Convert to meters"]
            )
            custom token inputs:value
            prepend token inputs:value.connect = </Graph/Main_ActionGraph/ros2_subscribe_twist.outputs:linearVelocity>
            token node:type = "isaacsim.core.nodes.OgnIsaacScaleToFromStageUnit"
            int node:typeVersion = 1
            custom token outputs:result
            uniform token ui:nodegraph:node:expansionState = "open"
            uniform float2 ui:nodegraph:node:pos = (-1807.3018, 235.12059)
        }

        def OmniGraphNode "break_3_vector_02" (
            prepend apiSchemas = ["NodeGraphNodeAPI"]
        )
        {
            custom token inputs:tuple
            prepend token inputs:tuple.connect = </Graph/Main_ActionGraph/ros2_subscribe_twist.outputs:angularVelocity>
            token node:type = "omni.graph.nodes.BreakVector3"
            int node:typeVersion = 1
            custom token outputs:x
            custom token outputs:y
            custom token outputs:z
            uniform token ui:nodegraph:node:expansionState = "open"
            uniform float2 ui:nodegraph:node:pos = (-1547.7657, 465.05145)
        }

        def OmniGraphNode "make_3_vector" (
            prepend apiSchemas = ["NodeGraphNodeAPI"]
        )
        {
            custom token inputs:x
            prepend token inputs:x.connect = </Graph/Main_ActionGraph/multiply.outputs:product>
            custom token inputs:y
            prepend token inputs:y.connect = </Graph/Main_ActionGraph/multiply_01.outputs:product>
            custom token inputs:z
            prepend token inputs:z.connect = </Graph/Main_ActionGraph/break_3_vector_02.outputs:z>
            token node:type = "omni.graph.nodes.MakeVector3"
            int node:typeVersion = 1
            custom token outputs:tuple
            uniform token ui:nodegraph:node:expansionState = "open"
            uniform float2 ui:nodegraph:node:pos = (-1061.7555, 304.34122)
        }

        def OmniGraphNode "articulation_controller" (
            prepend apiSchemas = ["NodeGraphNodeAPI"]
        )
        {
            custom double[] inputs:effortCommand
            custom uint inputs:execIn (
                customData = {
                    bool isExecution = 1
                }
            )
            prepend uint inputs:execIn.connect = </Graph/Main_ActionGraph/on_playback_tick.outputs:tick>
            custom int[] inputs:jointIndices
            custom token[] inputs:jointNames
            prepend token[] inputs:jointNames.connect = </Graph/Main_ActionGraph/usd_setup_holonomic_robot.outputs:wheelDofNames>
            custom double[] inputs:positionCommand
            custom string inputs:robotPath
            custom rel inputs:targetPrim = </World/kaya> (
                customData = {
                    dictionary omni = {
                        dictionary graph = {
                            string relType = "target"
                        }
                    }
                }
            )
            custom double[] inputs:velocityCommand
            prepend double[] inputs:velocityCommand.connect = </Graph/Main_ActionGraph/holonomic_controller.outputs:jointVelocityCommand>
            token node:type = "isaacsim.core.nodes.IsaacArticulationController"
            int node:typeVersion = 1
            uniform token ui:nodegraph:node:expansionState = "open"
            uniform float2 ui:nodegraph:node:pos = (-2063.0679, 673.8478)
        }

        def OmniGraphNode "holonomic_controller" (
            prepend apiSchemas = ["NodeGraphNodeAPI"]
        )
        {
            custom double inputs:angularGain
            custom uint inputs:execIn (
                customData = {
                    bool isExecution = 1
                }
            )
            delete uint inputs:execIn.connect = [
                </Graph/Main_ActionGraph/on_playback_tick.outputs:tick>,
                </Graph/Main_ActionGraph/isaac_run_one_simulation_frame.outputs:step>,
            ]
            prepend uint inputs:execIn.connect = [
                </Graph/Main_ActionGraph/ros2_subscribe_twist.outputs:execOut>,
                </Graph/Main_ActionGraph/on_playback_tick.outputs:tick>,
            ]
            custom double3 inputs:inputVelocity
            prepend double3 inputs:inputVelocity.connect = </Graph/Main_ActionGraph/make_3_vector.outputs:tuple>
            custom double inputs:linearGain
            custom double inputs:maxAngularSpeed
            custom double inputs:maxLinearSpeed
            custom double inputs:maxWheelSpeed
            custom double[] inputs:mecanumAngles
            prepend double[] inputs:mecanumAngles.connect = </Graph/Main_ActionGraph/usd_setup_holonomic_robot.outputs:mecanumAngles>
            custom double3 inputs:upAxis
            prepend double3 inputs:upAxis.connect = </Graph/Main_ActionGraph/usd_setup_holonomic_robot.outputs:upAxis>
            custom double3 inputs:wheelAxis
            prepend double3 inputs:wheelAxis.connect = </Graph/Main_ActionGraph/usd_setup_holonomic_robot.outputs:wheelAxis>
            custom double4[] inputs:wheelOrientations
            prepend double4[] inputs:wheelOrientations.connect = </Graph/Main_ActionGraph/usd_setup_holonomic_robot.outputs:wheelOrientations>
            custom double3[] inputs:wheelPositions
            prepend double3[] inputs:wheelPositions.connect = </Graph/Main_ActionGraph/usd_setup_holonomic_robot.outputs:wheelPositions>
            custom double[] inputs:wheelRadius
            prepend double[] inputs:wheelRadius.connect = </Graph/Main_ActionGraph/usd_setup_holonomic_robot.outputs:wheelRadius>
            token node:type = "isaacsim.robot.wheeled_robots.HolonomicController"
            int node:typeVersion = 2
            custom double[] outputs:jointVelocityCommand
            uniform token ui:nodegraph:node:expansionState = "open"
            uniform float2 ui:nodegraph:node:pos = (-1764.0614, 907.59326)
        }

        def OmniGraphNode "multiply" (
            prepend apiSchemas = ["NodeGraphNodeAPI"]
        )
        {
            custom token inputs:a
            prepend token inputs:a.connect = </Graph/Main_ActionGraph/break_3_vector.outputs:x>
            custom token inputs:b
            prepend token inputs:b.connect = </Graph/Main_ActionGraph/constant_float.inputs:value>
            token node:type = "omni.graph.nodes.Multiply"
            int node:typeVersion = 2
            custom token outputs:product
            uniform token ui:nodegraph:node:expansionState = "open"
            uniform float2 ui:nodegraph:node:pos = (-1304.095, 156.12411)
        }

        def OmniGraphNode "constant_float" (
            prepend apiSchemas = ["NodeGraphNodeAPI"]
        )
        {
            custom float inputs:value = -1
            token node:type = "omni.graph.nodes.ConstantFloat"
            int node:typeVersion = 1
            uniform token ui:nodegraph:node:expansionState = "open"
            uniform float2 ui:nodegraph:node:pos = (-1546.3616, 115.32735)
        }

        def OmniGraphNode "multiply_01" (
            prepend apiSchemas = ["NodeGraphNodeAPI"]
        )
        {
            custom token inputs:a
            prepend token inputs:a.connect = </Graph/Main_ActionGraph/break_3_vector.outputs:y>
            custom token inputs:b
            prepend token inputs:b.connect = </Graph/Main_ActionGraph/constant_float.inputs:value>
            token node:type = "omni.graph.nodes.Multiply"
            int node:typeVersion = 2
            custom token outputs:product
            uniform token ui:nodegraph:node:expansionState = "open"
            uniform float2 ui:nodegraph:node:pos = (-1320.3252, 292.73068)
        }

        def OmniGraphNode "isaac_read_simulation_time" (
            prepend apiSchemas = ["NodeGraphNodeAPI"]
        )
        {
            custom uint64 inputs:referenceTimeDenominator
            custom int64 inputs:referenceTimeNumerator
            custom bool inputs:resetOnStop
            token node:type = "isaacsim.core.nodes.IsaacReadSimulationTime"
            int node:typeVersion = 1
            custom double outputs:simulationTime
            uniform token ui:nodegraph:node:expansionState = "open"
            uniform float2 ui:nodegraph:node:pos = (-2076.5442, 138.9162)
        }

        def OmniGraphNode "ros2_publish_clock" (
            prepend apiSchemas = ["NodeGraphNodeAPI"]
        )
        {
            custom uint64 inputs:context
            prepend uint64 inputs:context.connect = </Graph/Main_ActionGraph/ros2_context.outputs:context>
            custom uint inputs:execIn (
                customData = {
                    bool isExecution = 1
                }
            )
            prepend uint inputs:execIn.connect = </Graph/Main_ActionGraph/on_playback_tick.outputs:tick>
            custom string inputs:nodeNamespace
            custom string inputs:qosProfile
            custom uint64 inputs:queueSize
            custom double inputs:timeStamp
            prepend double inputs:timeStamp.connect = </Graph/Main_ActionGraph/isaac_read_simulation_time.outputs:simulationTime>
            custom string inputs:topicName = "/clock"
            token node:type = "isaacsim.ros2.bridge.ROS2PublishClock"
            int node:typeVersion = 1
            uniform token ui:nodegraph:node:expansionState = "open"
            uniform float2 ui:nodegraph:node:pos = (-2145.4814, -112.25622)
        }
    }

    def OmniGraph "ROS_Lidar" (
        active = true
    )
    {
        token evaluationMode = "Automatic"
        token evaluator:type = "execution"
        token fabricCacheBacking = "StageWithoutHistory"
        int2 fileFormatVersion = (1, 9)
        token pipelineStage = "pipelineStageSimulation"

        def OmniGraphNode "on_playback_tick" (
            prepend apiSchemas = ["NodeGraphNodeAPI"]
        )
        {
            token node:type = "omni.graph.action.OnPlaybackTick"
            int node:typeVersion = 2
            custom double outputs:deltaSeconds
            custom double outputs:frame
            custom uint outputs:tick (
                customData = {
                    bool isExecution = 1
                }
            )
            custom double outputs:time
            uniform token ui:nodegraph:node:expansionState = "open"
            uniform float2 ui:nodegraph:node:pos = (-436.58072, -7.5584946)
        }

        def OmniGraphNode "ros2_qos_profile" (
            prepend apiSchemas = ["NodeGraphNodeAPI"]
        )
        {
            custom token inputs:createProfile (
                allowedTokens = ["Default for publishers/subscribers", "Services", "Sensor Data", "System Default", "Custom"]
            )
            custom double inputs:deadline
            custom uint64 inputs:depth
            custom token inputs:durability (
                allowedTokens = ["systemDefault", "transientLocal", "volatile", "unknown"]
            )
            custom token inputs:history (
                allowedTokens = ["systemDefault", "keepLast", "keepAll", "unknown"]
            )
            custom double inputs:leaseDuration
            custom double inputs:lifespan
            custom token inputs:liveliness (
                allowedTokens = ["systemDefault", "automatic", "manualByTopic", "unknown"]
            )
            custom token inputs:reliability (
                allowedTokens = ["systemDefault", "reliable", "bestEffort", "unknown"]
            )
            token node:type = "isaacsim.ros2.bridge.ROS2QoSProfile"
            int node:typeVersion = 1
            custom string outputs:qosProfile
            uniform token ui:nodegraph:node:expansionState = "open"
            uniform float2 ui:nodegraph:node:pos = (-128.40134, 251.55603)
        }

        def OmniGraphNode "constant_string" (
            prepend apiSchemas = ["NodeGraphNodeAPI"]
        )
        {
            custom string inputs:value
            token node:type = "omni.graph.nodes.ConstantString"
            int node:typeVersion = 1
            uniform token ui:nodegraph:node:expansionState = "open"
            uniform float2 ui:nodegraph:node:pos = (242.5, 304)
        }

        def OmniGraphNode "ros2_context" (
            prepend apiSchemas = ["NodeGraphNodeAPI"]
        )
        {
            custom uchar inputs:domain_id
            custom bool inputs:useDomainIDEnvVar
            token node:type = "isaacsim.ros2.bridge.ROS2Context"
            int node:typeVersion = 2
            custom uint64 outputs:context
            uniform token ui:nodegraph:node:expansionState = "open"
            uniform float2 ui:nodegraph:node:pos = (238.29927, 152.95944)
        }

        def OmniGraphNode "isaac_run_one_simulation_frame" (
            prepend apiSchemas = ["NodeGraphNodeAPI"]
        )
        {
            custom uint inputs:execIn (
                customData = {
                    bool isExecution = 1
                }
            )
            prepend uint inputs:execIn.connect = </Graph/ROS_Lidar/on_playback_tick.outputs:tick>
            token node:type = "isaacsim.core.nodes.OgnIsaacRunOneSimulationFrame"
            int node:typeVersion = 1
            custom uint outputs:step (
                customData = {
                    bool isExecution = 1
                }
            )
            uniform token ui:nodegraph:node:expansionState = "open"
            uniform float2 ui:nodegraph:node:pos = (-163.73793, 64.61953)
        }

        def OmniGraphNode "isaac_create_render_product" (
            prepend apiSchemas = ["NodeGraphNodeAPI"]
        )
        {
            custom rel inputs:cameraPrim = </World/kaya/base_link/lidar_layer/RPLidar_S2E> (
                customData = {
                    dictionary omni = {
                        dictionary graph = {
                            string relType = "target"
                        }
                    }
                }
            )
            custom bool inputs:enabled = 1
            custom uint inputs:execIn (
                customData = {
                    bool isExecution = 1
                }
            )
            prepend uint inputs:execIn.connect = </Graph/ROS_Lidar/isaac_run_one_simulation_frame.outputs:step>
            custom uint inputs:height
            custom uint inputs:width
            token node:type = "isaacsim.core.nodes.IsaacCreateRenderProduct"
            int node:typeVersion = 2
            custom uint outputs:execOut (
                customData = {
                    bool isExecution = 1
                }
            )
            custom token outputs:renderProductPath
            uniform token ui:nodegraph:node:expansionState = "open"
            uniform float2 ui:nodegraph:node:pos = (236.44412, 484.37714)
        }

        def OmniGraphNode "publish_lidar_layer" (
            prepend apiSchemas = ["NodeGraphNodeAPI"]
        )
        {
            custom uint64 inputs:context
            prepend uint64 inputs:context.connect = </Graph/ROS_Lidar/ros2_context.outputs:context>
            custom bool inputs:enabled
            custom uint inputs:execIn (
                customData = {
                    bool isExecution = 1
                }
            )
            delete uint inputs:execIn.connect = [
                </Graph/ROS_Lidar/on_playback_tick.outputs:tick>,
                </Graph/ROS_Lidar/isaac_create_render_product.outputs:execOut>,
            ]
            prepend uint inputs:execIn.connect = [
                </Graph/ROS_Lidar/lidar_layer_render_product.outputs:execOut>,
                </Graph/ROS_Lidar/isaac_create_render_product.outputs:execOut>,
            ]
            custom string inputs:frameId = "RPLidar_S2E"
            custom uint inputs:frameSkipCount
            custom bool inputs:fullScan
            custom string inputs:nodeNamespace
            prepend string inputs:nodeNamespace.connect = </Graph/ROS_Lidar/constant_string.inputs:value>
            custom string inputs:qosProfile
            prepend string inputs:qosProfile.connect = </Graph/ROS_Lidar/ros2_qos_profile.outputs:qosProfile>
            custom uint64 inputs:queueSize
            custom token inputs:renderProductPath
            prepend token inputs:renderProductPath.connect = [
                </Graph/ROS_Lidar/lidar_layer_render_product.outputs:renderProductPath>,
                </Graph/ROS_Lidar/isaac_create_render_product.outputs:renderProductPath>,
            ]
            custom bool inputs:resetSimulationTimeOnStop = 0
            custom bool inputs:showDebugView
            custom string inputs:topicName = "/scan"
            custom token inputs:type (
                allowedTokens = ["laser_scan", "point_cloud"]
            )
            custom bool inputs:useSystemTime = 0
            token node:type = "isaacsim.ros2.bridge.ROS2RtxLidarHelper"
            int node:typeVersion = 1
            uniform token ui:nodegraph:node:expansionState = "open"
            uniform float2 ui:nodegraph:node:pos = (698.33356, 100.354996)
        }
    }

    def OmniGraph "ActionGraph_01"
    {
        token evaluationMode = "Automatic"
        token evaluator:type = "execution"
        token fabricCacheBacking = "Shared"
        int2 fileFormatVersion = (1, 9)
        token pipelineStage = "pipelineStageSimulation"

        def OmniGraphNode "on_playback_tick" (
            prepend apiSchemas = ["NodeGraphNodeAPI"]
        )
        {
            token node:type = "omni.graph.action.OnPlaybackTick"
            int node:typeVersion = 2
            custom double outputs:deltaSeconds
            custom double outputs:frame
            custom uint outputs:tick (
                customData = {
                    bool isExecution = 1
                }
            )
            custom double outputs:time
            uniform token ui:nodegraph:node:expansionState = "open"
            uniform float2 ui:nodegraph:node:pos = (-1136.3505, -866.5864)
        }

        def OmniGraphNode "ros2_context" (
            prepend apiSchemas = ["NodeGraphNodeAPI"]
        )
        {
            custom uchar inputs:domain_id
            custom bool inputs:useDomainIDEnvVar
            token node:type = "isaacsim.ros2.bridge.ROS2Context"
            int node:typeVersion = 2
            custom uint64 outputs:context
            uniform token ui:nodegraph:node:expansionState = "open"
            uniform float2 ui:nodegraph:node:pos = (-1092.747, -485.93997)
        }

        def OmniGraphNode "isaac_read_simulation_time" (
            prepend apiSchemas = ["NodeGraphNodeAPI"]
        )
        {
            custom uint64 inputs:referenceTimeDenominator
            custom int64 inputs:referenceTimeNumerator
            custom bool inputs:resetOnStop
            token node:type = "isaacsim.core.nodes.IsaacReadSimulationTime"
            int node:typeVersion = 1
            custom double outputs:simulationTime
            uniform token ui:nodegraph:node:expansionState = "open"
            uniform float2 ui:nodegraph:node:pos = (-1145.7782, -144.18307)
        }

        def OmniGraphNode "isaac_compute_odometry_node" (
            prepend apiSchemas = ["NodeGraphNodeAPI"]
        )
        {
            custom rel inputs:chassisPrim = </World/kaya> (
                customData = {
                    dictionary omni = {
                        dictionary graph = {
                            string relType = "target"
                        }
                    }
                }
            )
            custom uint inputs:execIn (
                customData = {
                    bool isExecution = 1
                }
            )
            prepend uint inputs:execIn.connect = </Graph/ActionGraph_01/on_playback_tick.outputs:tick>
            token node:type = "isaacsim.core.nodes.IsaacComputeOdometry"
            int node:typeVersion = 1
            custom vector3d outputs:angularAcceleration
            custom vector3d outputs:angularVelocity
            custom uint outputs:execOut (
                customData = {
                    bool isExecution = 1
                }
            )
            custom vector3d outputs:globalLinearAcceleration
            custom vector3d outputs:globalLinearVelocity
            custom vector3d outputs:linearAcceleration
            custom vector3d outputs:linearVelocity
            custom quatd outputs:orientation
            custom vector3d outputs:position
            uniform token ui:nodegraph:node:expansionState = "open"
            uniform float2 ui:nodegraph:node:pos = (-555.3637, -953.7934)
        }

        def OmniGraphNode "ros2_publish_odometry" (
            prepend apiSchemas = ["NodeGraphNodeAPI"]
        )
        {
            custom vector3d inputs:angularVelocity
            prepend vector3d inputs:angularVelocity.connect = </Graph/ActionGraph_01/isaac_compute_odometry_node.outputs:angularVelocity>
            custom string inputs:chassisFrameId
            custom uint64 inputs:context
            prepend uint64 inputs:context.connect = </Graph/ActionGraph_01/ros2_context.outputs:context>
            custom uint inputs:execIn (
                customData = {
                    bool isExecution = 1
                }
            )
            prepend uint inputs:execIn.connect = </Graph/ActionGraph_01/isaac_compute_odometry_node.outputs:execOut>
            custom vector3d inputs:linearVelocity
            prepend vector3d inputs:linearVelocity.connect = </Graph/ActionGraph_01/isaac_compute_odometry_node.outputs:linearVelocity>
            custom string inputs:nodeNamespace
            custom string inputs:odomFrameId
            custom quatd inputs:orientation
            prepend quatd inputs:orientation.connect = </Graph/ActionGraph_01/isaac_compute_odometry_node.outputs:orientation>
            custom vector3d inputs:position
            prepend vector3d inputs:position.connect = </Graph/ActionGraph_01/isaac_compute_odometry_node.outputs:position>
            custom bool inputs:publishRawVelocities
            custom string inputs:qosProfile
            custom uint64 inputs:queueSize
            custom vector3d inputs:robotFront
            custom double inputs:timeStamp
            prepend double inputs:timeStamp.connect = </Graph/ActionGraph_01/isaac_read_simulation_time.outputs:simulationTime>
            custom string inputs:topicName
            token node:type = "isaacsim.ros2.bridge.ROS2PublishOdometry"
            int node:typeVersion = 1
            uniform token ui:nodegraph:node:expansionState = "open"
            uniform float2 ui:nodegraph:node:pos = (-219.49965, -693.34973)
        }

        def OmniGraphNode "ros2_publish_raw_transform_tree" (
            prepend apiSchemas = ["NodeGraphNodeAPI"]
        )
        {
            custom string inputs:childFrameId
            custom uint64 inputs:context
            prepend uint64 inputs:context.connect = </Graph/ActionGraph_01/ros2_context.outputs:context>
            custom uint inputs:execIn (
                customData = {
                    bool isExecution = 1
                }
            )
            prepend uint inputs:execIn.connect = </Graph/ActionGraph_01/on_playback_tick.outputs:tick>
            custom string inputs:nodeNamespace
            custom string inputs:parentFrameId
            custom string inputs:qosProfile
            custom uint64 inputs:queueSize
            custom quatd inputs:rotation
            custom bool inputs:staticPublisher
            custom double inputs:timeStamp
            prepend double inputs:timeStamp.connect = </Graph/ActionGraph_01/isaac_read_simulation_time.outputs:simulationTime>
            custom string inputs:topicName
            custom vector3d inputs:translation
            token node:type = "isaacsim.ros2.bridge.ROS2PublishRawTransformTree"
            int node:typeVersion = 1
            uniform token ui:nodegraph:node:expansionState = "open"
            uniform float2 ui:nodegraph:node:pos = (-544.7577, -150.07549)
        }

        def OmniGraphNode "ros2_publish_raw_transform_tree_01" (
            prepend apiSchemas = ["NodeGraphNodeAPI"]
        )
        {
            custom string inputs:childFrameId
            custom uint64 inputs:context
            prepend uint64 inputs:context.connect = </Graph/ActionGraph_01/ros2_context.outputs:context>
            custom uint inputs:execIn (
                customData = {
                    bool isExecution = 1
                }
            )
            prepend uint inputs:execIn.connect = </Graph/ActionGraph_01/on_playback_tick.outputs:tick>
            custom string inputs:nodeNamespace
            custom string inputs:parentFrameId
            custom string inputs:qosProfile
            custom uint64 inputs:queueSize
            custom quatd inputs:rotation
            prepend quatd inputs:rotation.connect = </Graph/ActionGraph_01/isaac_compute_odometry_node.outputs:orientation>
            custom bool inputs:staticPublisher
            custom double inputs:timeStamp
            prepend double inputs:timeStamp.connect = </Graph/ActionGraph_01/isaac_read_simulation_time.outputs:simulationTime>
            custom string inputs:topicName
            custom vector3d inputs:translation
            prepend vector3d inputs:translation.connect = </Graph/ActionGraph_01/isaac_compute_odometry_node.outputs:position>
            token node:type = "isaacsim.ros2.bridge.ROS2PublishRawTransformTree"
            int node:typeVersion = 1
            uniform token ui:nodegraph:node:expansionState = "open"
            uniform float2 ui:nodegraph:node:pos = (21.498451, -975.59424)
        }

        def OmniGraphNode "ros2_publish_transform_tree" (
            prepend apiSchemas = ["NodeGraphNodeAPI"]
        )
        {
            custom uint64 inputs:context
            prepend uint64 inputs:context.connect = </Graph/ActionGraph_01/ros2_context.outputs:context>
            custom uint inputs:execIn (
                customData = {
                    bool isExecution = 1
                }
            )
            prepend uint inputs:execIn.connect = </Graph/ActionGraph_01/on_playback_tick.outputs:tick>
            custom string inputs:nodeNamespace
            custom rel inputs:parentPrim = </World/kaya/base_link> (
                customData = {
                    dictionary omni = {
                        dictionary graph = {
                            string relType = "target"
                        }
                    }
                }
            )
            custom string inputs:qosProfile
            custom uint64 inputs:queueSize
            custom bool inputs:staticPublisher
            custom rel inputs:targetPrims = [
                </World/kaya/axle_0>,
                </World/kaya/axle_1>,
                </World/kaya/axle_2>,
            ] (
                customData = {
                    dictionary omni = {
                        dictionary graph = {
                            string relType = "target"
                        }
                    }
                }
            )
            custom double inputs:timeStamp
            prepend double inputs:timeStamp.connect = </Graph/ActionGraph_01/isaac_read_simulation_time.outputs:simulationTime>
            custom string inputs:topicName = "/tf"
            token node:type = "isaacsim.ros2.bridge.ROS2PublishTransformTree"
            int node:typeVersion = 1
            uniform token ui:nodegraph:node:expansionState = "open"
            uniform float2 ui:nodegraph:node:pos = (15.605971, -356.30823)
        }
    }
}

def "SimpleRoom_01" (
    prepend references = @https://omniverse-content-production.s3-us-west-2.amazonaws.com/Assets/Isaac/5.1/Isaac/Environments/Simple_Room/simple_room.usd@
)
{
}

